Id,Email,InterfaceLanguageCode,InterfaceLanguageName,ExternalInterfaceLanguageCode,ExternalInterfaceLanguageName,IsAdministrator,IsEnabled,IsActive,IsPremium,CreatedOn,ApplicationsUsed,LastConnectedOn,LastModifiedOn,CountryName,CountryAlpha2Code,YearOfBirth,Age,Occupation,IsSubscribedToNewsletter,LoginProviders,DisplayName,InitialOrigin,LastOS,SubscriptionExpirationDateIos,SubscriptionExpirationDateAndroid,SubscriptionExpirationDateDocuments,SubscriptionExpirationDatePdfTranslator
3fb16ead-bce9-4353-8999-f51454297ada,dh2m8f7s9s@privaterelay.appleid.com,fr,French,fr,French,FALSE,TRUE,TRUE,TRUE,01/10/2026,ContextiOS,01/10/2026,01/10/2026,France,FR,,,Foreign Language Teacher,TRUE,Apple,dh2m8f7s9s,ContextiOS,iOS,08/10/2026,,,
186d0f8a-56ba-494e-8a9c-bbf5b6c6a340,kaylalitton2@gmail.com,fr,French,fr,French,FALSE,TRUE,TRUE,TRUE,29/09/2026,ContextAndroid,30/09/2026,29/09/2026,Canada,CA,,,Foreign Language Teacher,TRUE,Google,kaylalitton2,ContextAndroid,Android 16,,05/10/2026,,
28d306f4-9f1a-47fd-b46e-d63ac98758d3,chetireasdo@gmail.com,ru,Russian,ru,Russian,FALSE,TRUE,TRUE,TRUE,22/09/2026,ContextiOS,01/10/2026,22/09/2026,Netherlands,NL,,,Foreign Language Teacher,TRUE,Google,chetireasdo,ContextiOS,iOS,29/10/2026,,,
226f5d57-0655-40d2-a372-5ce4fc6bcc0e,vbtttzbcfd@privaterelay.appleid.com,de,German,de,German,FALSE,TRUE,TRUE,TRUE,11/09/2026,ContextiOS,26/09/2026,11/09/2026,Germany,DE,,,Foreign Language Teacher,TRUE,Apple,Reme,ContextiOS,iOS,11/09/2027,,,
f1d244aa-8606-48c6-96fa-80ae11fc8462,olena.girniak123@gmail.com,en,English,uk,Ukrainian,FALSE,TRUE,TRUE,TRUE,09/09/2026,ContextAndroid; ContextWeb,02/10/2026,09/09/2026,Ukraine,UA,,,Foreign Language Teacher,TRUE,Google,olenagirniak123,ContextAndroid,Android 16,,09/09/2027,,
04516c39-9b5d-47a0-a0b7-4d66c8602d08,minaahiliqbal04@gmail.com,en,English,en,English,FALSE,TRUE,TRUE,TRUE,30/08/2026,ContextWeb; ContextiOS; ReversoWin; SynonymsWeb; ReversoWeb; Documents; Dictionary; GAS; Speller,01/10/2026,30/08/2026,Pakistan,PK,,,Foreign Language Teacher,TRUE,Google,minaahili.,ContextWeb,iOS,,,31/08/2027,
5337e5a8-d6c1-4fcd-bc3c-03d7a92a2e4c,vass_ikonomidis@hotmail.com,en,English,en,English,FALSE,TRUE,TRUE,TRUE,17/08/2026,ContextiOS; Documents; ReversoWeb; Unknown,16/09/2026,17/08/2026,Greece,GR,,,Foreign Language Teacher,FALSE,Reverso,vass_ikonomidis,ContextiOS,Other,,,16/12/2026,
670956f4-816a-4103-ab7c-556eaa27205c,y9kbw7zvfp@privaterelay.appleid.com,en,English,en,English,FALSE,TRUE,TRUE,TRUE,04/08/2026,ContextiOS; Documents; ReversoWeb; ContextWeb; Dictionary; SafariExt; SynonymsWeb; Conjugator,02/10/2026,04/08/2026,USA,US,,,Foreign Language Teacher,TRUE,Apple,y9kbw7zvfp,ContextiOS,iOS,,,18/10/2026,
eca74e3e-ce51-4f40-b4a2-7ad90a364cce,vn76jr47hj@privaterelay.appleid.com,fr,French,fr,French,FALSE,TRUE,TRUE,TRUE,11/07/2026,Documents; ContextiOS; ReversoWeb; ContextWeb; Dictionary; GAS; Conjugator,29/09/2026,31/07/2026,Guadeloupe,GP,,,Foreign Language Teacher,TRUE,Apple,vn76jr47hj,Documents,iOS,,,11/07/2027,
da11ff9e-f730-4f17-aa4b-4f7ea1f655de,mike.oehen@gmx.net,en,English,en,English,FALSE,TRUE,TRUE,TRUE,09/07/2026,ReversoMac; ContextiOS; GAS; Documents,25/09/2026,27/07/2026,China,CN,,,Foreign Language Teacher,TRUE,Apple,mikeoehen,ReversoMac,iOS,03/08/2027,,,
b64b4278-3d0d-4d51-b092-c7933c83023d,hidayethidayet1986@gmail.com,fr,French,fr,French,FALSE,TRUE,TRUE,TRUE,25/06/2026,ContextAndroid; Documents; ReversoWeb; ContextWeb,02/09/2026,25/06/2026,Algeria,DZ,,,Foreign Language Teacher,TRUE,Google,hidayethidayet1986,ContextAndroid,Other,,,02/12/2026,
356254c5-6fcc-42c1-8add-cfa627830d0a,anastasiiadia@icloud.com,en,English,en,English,FALSE,TRUE,TRUE,TRUE,24/06/2026,ContextiOS,21/09/2026,24/06/2026,Viet Nam,VN,,,Foreign Language Teacher,TRUE,Apple,anastasiiadia,ContextiOS,iOS,02/10/2026,,,
73867b78-6aa7-43d3-93e4-23e577571e63,ivan@avalos.me,de,German,de,German,FALSE,TRUE,TRUE,TRUE,12/06/2026,ContextWeb; ContextAndroid; ReversoWeb; Documents,02/10/2026,12/06/2026,Switzerland,CH,,,Foreign Language Teacher,FALSE,Reverso,avalos,ContextWeb,Linux,,12/06/2027,12/06/2027,
11677520-edf0-4989-9185-ea70a435e01b,nnelsone1@icloud.com,en,English,en,English,FALSE,TRUE,TRUE,TRUE,01/06/2026,ContextiOS,27/09/2026,01/06/2026,USA,US,,,Foreign Language Teacher,TRUE,Apple,nnelsone1,ContextiOS,iOS,13/10/2026,,,
84ef0eca-6a71-44bf-9af0-7e681b1f7216,berangere.cances@outlook.fr,fr,French,fr,French,FALSE,TRUE,TRUE,TRUE,30/04/2026,ReversoWin; Documents; GAS; ReversoWeb; Unknown,01/10/2026,02/05/2026,France,FR,1993,33,Foreign Language Teacher,FALSE,Reverso,berangerecances,ReversoWin,Windows 10,,,02/05/2027,
b1eea9ab-3455-4637-8b71-0b9dfdb29504,4dcgfdggtz@privaterelay.appleid.com,fr,French,fr,French,FALSE,TRUE,TRUE,TRUE,29/04/2026,ContextiOS,28/09/2026,29/04/2026,Switzerland,CH,,,Foreign Language Teacher,TRUE,Apple,4dcgfdggtz,ContextiOS,iOS,06/10/2026,,,
11da629d-abd3-4a50-bdc0-aa2956917985,jessicaplourde79@gmail.com,fr,French,fr,French,FALSE,TRUE,TRUE,TRUE,20/04/2026,ContextAndroid; ContextWeb; ReversoWeb; Dictionary; GAS; Documents; Unknown,02/10/2026,20/04/2026,Canada,CA,,,Foreign Language Teacher,FALSE,Reverso; Google,jessicaplourde79,ContextAndroid,Android 16,,20/04/2027,,
d9a03bea-a74f-4f18-a13b-5d33b010b913,5gnzqhfx2j@privaterelay.appleid.com,en,English,tr,Turkish,FALSE,TRUE,TRUE,TRUE,28/03/2026,ContextiOS,02/10/2026,28/03/2026,Turkey,TR,,,Foreign Language Teacher,TRUE,Apple,Çağatayilmaz2026,ContextiOS,iOS,04/04/2027,,,
9eefcd7c-ad75-46ba-9a7e-44d3337d64b4,luigi.tallarico93@gmail.com,en,English,en,English,FALSE,TRUE,TRUE,TRUE,14/02/2026,ContextiOS; ReversoMac; ContextAndroid; ContextWeb; ReversoWeb; Conjugator; Dictionary; ChromeExt; Documents; SynonymsWeb,01/10/2026,14/02/2026,Italy,IT,,,Foreign Language Teacher,TRUE,Google,luigitallarico93,ContextiOS,iOS,20/04/2027,20/04/2027,,
83156761-4df4-4d1f-af58-a1861bec3f3e,klauspeterwerner@icloud.com,de,German,de,German,FALSE,TRUE,TRUE,TRUE,08/02/2026,ContextiOS,21/09/2026,08/02/2026,Germany,DE,,,Foreign Language Teacher,TRUE,Apple,klauspeterwerner,ContextiOS,iOS,15/02/2027,,,
f356e36d-a43d-4b12-b286-341af6aa38c7,cvda13@gmail.com,de,German,de,German,FALSE,TRUE,TRUE,TRUE,06/01/2026,ContextiOS; ReversoWeb; Unknown,02/10/2026,06/01/2026,USA,US,,,Foreign Language Teacher,FALSE,Reverso,cvda13,ContextiOS,iOS,06/01/2027,,,
8f139807-d93f-41e6-b22f-bce237fd749b,christine.gil@gmail.com,fr,French,fr,French,FALSE,TRUE,TRUE,TRUE,06/01/2026,ContextiOS,01/10/2026,06/01/2026,Switzerland,CH,,,Foreign Language Teacher,TRUE,Google,christinegil,ContextiOS,iOS 18.5,06/01/2027,,,
d9c22865-c8e0-4434-86b8-fb65d9652fde,g.zimmermann@tsn.at,de,German,de,German,FALSE,TRUE,TRUE,TRUE,29/11/2025,ContextiOS; ReversoWeb; Unknown,02/10/2026,29/11/2025,Austria,AT,,,Foreign Language Teacher,FALSE,Reverso,gzimmermann,ContextiOS,iOS,27/11/2026,,,
720661cc-4b31-460c-8b1a-32cc6bae0058,maiadestefano92@gmail.com,en,English,en,English,FALSE,TRUE,TRUE,TRUE,25/11/2025,ContextWeb; Conjugator; SynonymsWeb; ReversoWeb; GAS; Documents,18/09/2026,04/02/2026,Italy,IT,1992,34,Foreign Language Teacher,TRUE,Google,maiadestefano92,ContextWeb,Mac OS X 10.15.7,,,04/02/2027,
258fadce-9a59-43a2-9630-54f4ef52fc29,yana.kryshtofor@gmail.com,ru,Russian,uk,Ukrainian,FALSE,TRUE,TRUE,TRUE,20/11/2025,ContextAndroid; ContextWeb,01/10/2026,20/11/2025,Ireland,IE,,,Foreign Language Teacher,TRUE,Google,yanakryshtofor,ContextAndroid,Android 17,,20/11/2026,,
da23a15d-ca7c-4f8f-8fb7-4364b5d03a89,vikulka13@mail.ru,ru,Russian,ru,Russian,FALSE,TRUE,TRUE,TRUE,03/11/2025,ContextiOS; ReversoWeb; Unknown,02/10/2026,03/11/2025,Germany,DE,,,Foreign Language Teacher,FALSE,Reverso,vikulka13,ContextiOS,iOS,02/01/2027,,,
f995004a-596d-46e4-80c0-2b6124003bd6,marcolombardozzi98@gmail.com,fr,French,fr,French,FALSE,TRUE,TRUE,TRUE,08/10/2025,ContextiOS,02/10/2026,08/10/2025,Belgium,BE,,,Foreign Language Teacher,TRUE,Google,marcolombardozzi98,ContextiOS,iOS,11/11/2026,,,
de77af2e-a8f8-4cec-b971-92f35ae06035,sahmadi@telus.net,de,German,de,German,FALSE,TRUE,TRUE,TRUE,14/09/2025,ContextiOS,02/10/2026,14/09/2025,Germany,DE,,,Foreign Language Teacher,TRUE,Google,sahmadi1,ContextiOS,iOS,30/10/2026,,,
5e3ace6c-401f-4163-9803-eb0bc946e879,elisabeth.pichon@ipsa.fr,fr,French,fr,French,FALSE,TRUE,TRUE,TRUE,07/08/2025,Documents; ContextiOS; ReversoWin; ReversoWeb; Dictionary; GAS; ChromeExt; ContextWeb; SynonymsWeb; ReversoMac; Vocabulary; Unknown,02/10/2026,07/08/2025,France,FR,,,Foreign Language Teacher,TRUE,Reverso,elisabethpichon1,Documents,iOS,,,07/08/2027,
b5292f9e-14a8-4867-aaff-75df732b7446,langhendries.s7@gmail.com,en,English,en,English,FALSE,TRUE,TRUE,TRUE,15/07/2025,ContextAndroid; ContextWeb; ReversoWeb; SynonymsWeb,29/09/2026,15/07/2025,Belgium,BE,,,Foreign Language Teacher,TRUE,Google,langhendriess7,ContextAndroid,Android 16,,22/07/2027,,
dc4daf2e-0e59-4397-81c5-4a91ab96b328,zaiser.r@edu.klg.or.at,de,German,en,English,FALSE,TRUE,TRUE,TRUE,10/07/2025,Documents; ContextAndroid; Dictionary; Speller; ReversoWeb; ContextWeb; SynonymsWeb; Conjugator; GAS,01/10/2026,10/07/2025,Austria,AT,1965,61,Foreign Language Teacher,TRUE,Reverso; Google,zaiserr,Documents,Android 16,,10/07/2027,10/07/2027,
9b8fbed2-80bd-433e-97a1-0bc37089afdb,fcgx84k67f@privaterelay.appleid.com,es,Spanish,es,Spanish,FALSE,TRUE,TRUE,TRUE,07/07/2025,ContextiOS,01/10/2026,07/07/2025,Spain,ES,,,Foreign Language Teacher,TRUE,Apple,fcgx84k67f,ContextiOS,iOS,21/07/2027,,,
64c1ed46-00bd-4828-b754-8aec5d60a520,deborah.natanson@gmail.com,en,English,en,English,FALSE,TRUE,TRUE,TRUE,07/07/2025,ContextiOS; ReversoMac; Dictionary; ReversoWeb,02/10/2026,07/07/2025,France,FR,,,Foreign Language Teacher,TRUE,Apple; Google,deborahnatanson,ContextiOS,iOS,01/08/2027,,,
6099b241-0330-4016-856c-c8e8e08b2053,stasyaslava0379@gmail.com,ru,Russian,ru,Russian,FALSE,TRUE,TRUE,TRUE,16/05/2025,ContextWeb; ContextiOS; ReversoMac; ReversoWin; Documents; GAS; SynonymsWeb; Dictionary; ReversoWeb; Speller,01/10/2026,29/03/2026,Russian Federation,RU,,,Foreign Language Teacher,TRUE,Apple; Google,Isa_Helvegen,ContextWeb,iOS,23/02/2027,,,
188483d4-96ce-45ef-ac6c-3be371a6554c,zm5ntwv58h@privaterelay.appleid.com,fr,French,fr,French,FALSE,TRUE,TRUE,TRUE,14/05/2025,ContextiOS; ReversoWeb; Speller; GAS; ContextWeb; Documents; Vocabulary; Conjugator; Dictionary; Unknown,02/10/2026,16/05/2026,France,FR,1968,58,Foreign Language Teacher,TRUE,Reverso; Apple,Signair64,ContextiOS,iOS 18.7,14/05/2027,,,
1ede769b-e421-4f84-92a6-35510778896c,giovilxes@gmail.com,es,Spanish,es,Spanish,FALSE,TRUE,TRUE,TRUE,06/05/2025,ContextiOS,02/10/2026,06/05/2025,Spain,ES,,,Foreign Language Teacher,TRUE,Apple,giovilxes,ContextiOS,iOS,11/10/2026,,,
4d064bc7-52f4-4f6b-901a-6b90b0cfca66,camomillebird@gmail.com,it,Italian,en,English,FALSE,TRUE,TRUE,TRUE,28/04/2025,ContextWeb; ReversoWeb; SynonymsWeb; ReversoWin; Conjugator; Dictionary; Documents; Speller; GAS,01/10/2026,01/06/2025,Norway,NO,,,Foreign Language Teacher,FALSE,Reverso; Google,camomillebird,ContextWeb,Android 10,,,01/06/2027,
eded2aaf-9384-4e52-8933-d709d2c1fdc1,Kikheilbut@komdig.de,de,German,de,German,FALSE,TRUE,TRUE,TRUE,22/04/2025,ContextWeb; ReversoWeb; Conjugator; Documents; Dictionary; SynonymsWeb; GAS; ContextAndroid; Unknown,06/09/2026,29/11/2025,Germany,DE,1960,66,Foreign Language Teacher,TRUE,Reverso,Kikheilbut,ContextWeb,Windows 10,,,28/11/2026,
4d1c1990-c590-438f-9753-c4b193b2771d,xg5q76js58@privaterelay.appleid.com,fr,French,en,English,FALSE,TRUE,TRUE,TRUE,16/04/2025,ContextiOS; ReversoMac; Documents; ReversoWeb; Conjugator; ContextWeb; Speller; Unknown,02/10/2026,16/04/2025,Canada,CA,,,Foreign Language Teacher,TRUE,Apple,xg5q76js58,ContextiOS,iOS,13/05/2027,,,
8c863104-cbfd-4ff9-8121-593b05170ecf,miekefrateur@gmail.com,en,English,nl,Dutch,FALSE,TRUE,TRUE,TRUE,13/04/2025,ContextiOS,17/09/2026,13/04/2025,Belgium,BE,,,Foreign Language Teacher,TRUE,Google,miekefrateur,ContextiOS,iOS,13/06/2027,,,
901b8749-eba1-4e34-ada2-0fbe5a5f42bb,arisete.setaf@gmail.com,fr,French,fr,French,FALSE,TRUE,TRUE,TRUE,18/03/2025,Speller; ReversoWeb; GAS; ContextWeb; Dictionary; Documents,02/10/2026,04/04/2025,France,FR,1977,49,Foreign Language Teacher,TRUE,Reverso; Google,arisetesetaf,Speller,Windows 10,,,05/05/2027,
e94d13d2-e272-431d-8602-13aed9be95db,despe73@gmail.com,fr,French,fr,French,FALSE,TRUE,TRUE,TRUE,03/03/2025,ReversoWin; ReversoMac; ContextiOS; GAS; Documents; Speller; ReversoWeb; Unknown,01/10/2026,24/08/2026,France,FR,1973,53,Foreign Language Teacher,TRUE,Google,despe73,ReversoWin,Windows 10,09/07/2027,,24/08/2027,
cc8e9615-b338-4118-9465-aa04361e0d99,hurenkom@gmail.com,en,English,uk,Ukrainian,FALSE,TRUE,TRUE,TRUE,17/02/2025,ContextiOS,02/10/2026,17/02/2025,Ukraine,UA,,,Foreign Language Teacher,TRUE,Google,hurenkom,ContextiOS,iOS,29/10/2026,,,
4c66bfd3-cf05-4e29-8551-16fca008da57,larissalippo@gmail.com,fr,French,fr,French,FALSE,TRUE,TRUE,TRUE,20/01/2025,ContextiOS,26/09/2026,20/01/2025,France,FR,,,Foreign Language Teacher,TRUE,Google,larissaacioli,ContextiOS,iOS,04/07/2027,,,
ab3775d7-6817-4788-9dd3-97af631ce651,sabatino1959@gmail.com,fr,French,en,English,FALSE,TRUE,TRUE,TRUE,15/01/2025,ContextAndroid; ContextWeb; ContextiOS; GAS; Unknown,01/10/2026,11/03/2025,Belgium,BE,,,Foreign Language Teacher,TRUE,Reverso; Google,sabatino1959,ContextAndroid,Android 14,,02/06/2027,,
f2fb0593-e8fa-42be-99bf-d59774a74dc8,prithvisuhalka1@gmail.com,en,English,en,English,FALSE,TRUE,TRUE,TRUE,11/01/2025,ReversoWin; ContextAndroid; ContextWeb; SynonymsWeb; Documents; ReversoWeb; Dictionary; Conjugator,01/10/2026,11/01/2025,India,IN,,,Foreign Language Teacher,TRUE,Google,prithvisuhalka1,ReversoWin,Android 14,,27/10/2026,,
eff3d7b5-1460-4cdc-98d7-ad2245f824a3,humanimate@gmail.com,de,German,de,German,FALSE,TRUE,TRUE,TRUE,08/01/2025,ContextiOS; Conjugator; ReversoWeb; GAS; Unknown,02/10/2026,08/01/2025,Germany,DE,1988,38,Foreign Language Teacher,FALSE,Reverso,humanimate,ContextiOS,iOS,08/01/2027,,,
2b029760-2081-445e-83b6-5f5b775992de,agnieszka.pawlik27us@gmail.com,en,English,pl,Polish,FALSE,TRUE,TRUE,TRUE,13/12/2024,ContextAndroid; ContextWeb; GAS; ReversoWin; ReversoWeb; Documents; Speller; SynonymsWeb; Unknown,28/09/2026,05/04/2026,Poland,PL,1988,38,Foreign Language Teacher,FALSE,Reverso; Google,AgnieszkaPWLK,ContextAndroid,Android 16,,05/10/2026,,
05d461ef-2e8c-46aa-9894-ae8235fa7545,ucm1@pitt.edu,en,English,en,English,FALSE,TRUE,TRUE,TRUE,25/11/2024,Documents; ReversoMac; ContextiOS; ReversoWeb; ContextWeb,15/09/2026,25/11/2024,USA,US,,,Foreign Language Teacher,TRUE,Reverso,ucm1,Documents,Mac OS X 10.15.7,,,22/11/2026,
53f5eb5c-536b-46f9-9217-59fb781b8717,wsg3@cornell.edu,en,English,en,English,FALSE,TRUE,TRUE,TRUE,23/11/2024,ContextiOS; GAS; ContextWeb; Documents; Unknown,02/10/2026,27/11/2025,USA,US,1963,63,Foreign Language Teacher,TRUE,Reverso,Susu_8899,ContextiOS,iOS 26.6.1,30/10/2026,,,
ba41b9fe-5f0b-4c07-b26b-85137de249f9,ol.sylwia@outlook.com,en,English,pl,Polish,FALSE,TRUE,TRUE,TRUE,22/11/2024,ContextWeb; ContextAndroid; ReversoWeb; Dictionary; ChromeExt; Speller; GAS; Documents; SynonymsWeb; Conjugator; Unknown,29/09/2026,23/07/2026,Poland,PL,,,Foreign Language Teacher,TRUE,Reverso,olsylwia,ContextWeb,Android 16,,09/05/2027,09/05/2027,
8a812d24-0e73-4f2e-aaa3-3b818f4b448e,haofeng409@gmail.com,fr,French,fr,French,FALSE,TRUE,TRUE,TRUE,17/11/2024,ReversoWin; ContextAndroid; ChromeExt; ContextWeb; ReversoWeb; Documents; Dictionary; GAS; Speller; ReversoMac; Conjugator; Vocabulary; Unknown,18/09/2026,18/11/2025,France,FR,1980,46,Foreign Language Teacher,TRUE,Reverso; Google,haofeng409,ReversoWin,Android 13,,,24/01/2027,
a5a4b1fe-51fc-42ae-95b9-94355ca7b68c,mjhtutoring@gmail.com,en,English,en,English,FALSE,TRUE,TRUE,TRUE,09/10/2024,Documents; ReversoWeb; ContextAndroid; ContextWeb; GAS; ChromeExt; Dictionary; Conjugator; Unknown,02/10/2026,18/09/2026,Peru,PE,,,Foreign Language Teacher,FALSE,Reverso; Google,mjhtutoring,Documents,Windows 10,,18/09/2027,18/09/2027,
767e14fc-012b-410b-910c-dd06e6a34c1a,halynayavorska83@gmail.com,en,English,en,English,FALSE,TRUE,TRUE,TRUE,08/10/2024,ContextAndroid; ReversoWin; ContextWeb; Documents,27/09/2026,08/10/2024,France,FR,,,Foreign Language Teacher,TRUE,Google,halynayavorska83,ContextAndroid,Windows 10,,24/07/2027,,
69d3d2b6-3c78-408b-9b3f-6bf4d9cd5391,mojolu@bol.com.br,pt,Portuguese,pt,Portuguese,FALSE,TRUE,TRUE,TRUE,23/09/2024,ContextiOS,15/09/2026,23/09/2024,Brazil,BR,,,Foreign Language Teacher,TRUE,Apple,mojolu,ContextiOS,iOS,12/10/2026,,,
bc9b4cda-435c-4f49-b963-a7d7f295c67a,ulisesp.4334@gmail.com,es,Spanish,es,Spanish,FALSE,TRUE,TRUE,TRUE,30/08/2024,ContextiOS; ContextAndroid; ReversoWin; ContextWeb; Dictionary; Speller; SynonymsWeb; ReversoWeb; Conjugator; Documents; GAS,02/10/2026,01/07/2026,Mexico,MX,1993,33,Foreign Language Teacher,TRUE,Google,ulisesp4334,ContextiOS,iOS,30/10/2026,30/09/2026,03/08/2026,
3ca034e3-aa3f-4ebe-9cf0-f396a68b125a,domoinazadoo@gmail.com,fr,French,en,English,FALSE,TRUE,TRUE,TRUE,22/08/2024,ContextAndroid; ContextWeb; ReversoWin; Dictionary; ReversoWeb; ChromeExt; SynonymsWeb; GAS; Speller,01/10/2026,21/01/2026,Mayotte,YT,1976,50,Foreign Language Teacher,TRUE,Google,domoinazadoo,ContextAndroid,Android 16,,10/10/2026,,
bf53144d-2646-48bf-95b4-a29be570a14a,br5c2jfsgd@privaterelay.appleid.com,fr,French,fr,French,FALSE,TRUE,TRUE,TRUE,18/08/2024,Documents; ContextiOS; ReversoWin; ReversoWeb; ChromeExt; Speller; GAS; Dictionary,01/10/2026,18/08/2024,Switzerland,CH,,,Foreign Language Teacher,TRUE,Reverso; Apple,br5c2jfsgd,Documents,iOS,07/12/2026,,,
decf0367-f19c-4b14-9304-08710110ac75,veronikashvydka31@gmail.com,fr,French,fr,French,FALSE,TRUE,TRUE,TRUE,18/08/2024,ContextiOS; Dictionary; ReversoWeb; GAS; Documents; ReversoMac; ContextWeb; SynonymsWeb; Conjugator; Unknown,02/10/2026,29/10/2024,Switzerland,CH,,,Foreign Language Teacher,TRUE,Reverso; Google,veronikashvydka31,ContextiOS,iOS,07/02/2027,,,
87453395-8c97-41d4-9112-b8f172324f7c,ericbuissonusa@gmail.com,en,English,en,English,FALSE,TRUE,TRUE,TRUE,14/08/2024,ReversoMac; ContextWeb; ContextiOS; Documents; Dictionary; ReversoWeb; SynonymsWeb; Conjugator,01/10/2026,14/08/2024,USA,US,,,Foreign Language Teacher,FALSE,Reverso; Google,ericbuissonusa,ReversoMac,Mac OS X 10.15.7,,,11/05/2027,
0105dc58-2196-4784-9378-2dceae090f1d,magdalenaelisa@gmail.com,en,English,en,English,FALSE,TRUE,TRUE,TRUE,14/08/2024,ContextiOS,02/10/2026,14/08/2024,USA,US,,,Foreign Language Teacher,TRUE,Google,magdalenaelisa,ContextiOS,iOS,18/08/2027,,,
4dda2a4a-2200-4205-aa43-550274c67182,missblackyrocks@gmail.com,it,Italian,it,Italian,FALSE,TRUE,TRUE,TRUE,30/07/2024,ContextiOS,01/10/2026,30/07/2024,Italy,IT,,,Foreign Language Teacher,TRUE,Apple,missblackyrocks,ContextiOS,iOS,10/10/2026,,,
2c0642ce-2814-4ea6-9582-92438ad76473,lochoa@sympatico.ca,en,English,en,English,FALSE,TRUE,TRUE,TRUE,26/07/2024,ReversoWeb; ContextWeb; ContextAndroid; ContextiOS; Conjugator; GAS; Documents; SynonymsWeb; Dictionary; ChromeExt; Unknown,02/10/2026,26/07/2024,Canada,CA,,,Foreign Language Teacher,TRUE,Reverso,lochoa5,ReversoWeb,Android 10,,18/04/2027,,
54a7cad9-9435-4607-9714-7460799c4597,splangment@gmail.com,en,English,en,English,FALSE,TRUE,TRUE,TRUE,11/07/2024,ContextWeb; ContextiOS; ReversoWeb; Speller; Conjugator; SynonymsWeb; ReversoMac; GAS; ChromeExt; Documents; Unknown,21/09/2026,04/02/2026,Spain,ES,,,Foreign Language Teacher,FALSE,Reverso; Google,splangment,ContextWeb,iOS,15/02/2027,,,
d2983b7e-c36e-4175-b6fc-94366f630840,rivibesi@hotmail.com,es,Spanish,en,English,FALSE,TRUE,TRUE,TRUE,10/06/2024,ContextAndroid; ContextWeb; Unknown,30/09/2026,10/06/2024,Peru,PE,,,Foreign Language Teacher,TRUE,Facebook; Google,rivibesi,ContextAndroid,Android 10,,20/02/2027,,
b49ec3fd-4340-4e9e-af9c-ef30571224d5,vladiaborges@gmail.com,pt,Portuguese,pt,Portuguese,FALSE,TRUE,TRUE,TRUE,23/05/2024,ContextiOS,30/09/2026,23/05/2024,Brazil,BR,,,Foreign Language Teacher,TRUE,Google,vladiaborges,ContextiOS,iOS,23/05/2027,,,
0744d1d2-1b81-44b1-916d-f8c2f1c2171a,dadobg@gmail.com,it,Italian,it,Italian,FALSE,TRUE,TRUE,TRUE,14/05/2024,ContextWeb; ReversoWeb; ReversoWin; Documents; GAS; Dictionary; Conjugator; Unknown,29/09/2026,16/01/2025,Italy,IT,1983,43,Foreign Language Teacher,TRUE,Google,dadobg,ContextWeb,Windows 10,,,16/01/2027,
0247fb97-dcc1-4c81-880f-ad02814181af,betsonly2@mac.com,en,English,en,English,FALSE,TRUE,TRUE,TRUE,17/04/2024,ContextiOS,23/09/2026,17/04/2024,USA,US,,,Foreign Language Teacher,TRUE,Apple,betsonly2,ContextiOS,iOS,17/10/2026,,,
466beb1a-6354-48ea-9815-575d9707ae6a,eva.splendido@gmail.com,it,Italian,it,Italian,FALSE,TRUE,TRUE,TRUE,15/04/2024,ContextWeb; ReversoMac; ContextiOS; Dictionary; Documents,30/09/2026,15/04/2024,Italy,IT,,,Foreign Language Teacher,TRUE,Google,evasplendido,ContextWeb,Mac OS X 10.15.7,02/11/2026,,,
a9d2aa17-da14-42c4-ab4e-2d627b5dde08,wael.mabrouk@yahoo.com,en,English,en,English,FALSE,TRUE,TRUE,TRUE,13/04/2024,SynonymsiOS; ContextiOS; Documents; ReversoWeb; ContextWeb; Dictionary; SynonymsWeb; GAS; Vocabulary; ReversoMac; Unknown,19/09/2026,13/04/2024,USA,US,,,Foreign Language Teacher,FALSE,Reverso,WaKMa,SynonymsiOS,iOS,20/12/2026,,14/04/2025,
f2df9ba9-2e03-47ff-bb2b-9af5c5b7682d,pandor.afzal@gmail.com,en,English,en,English,FALSE,TRUE,TRUE,TRUE,01/04/2024,ContextiOS; ReversoMac; ReversoWeb,30/09/2026,01/04/2024,UK,GB,,,Foreign Language Teacher,TRUE,Google,pandorafzal,ContextiOS,iOS,20/10/2026,,,
f7a711dd-ffd8-4c2c-8dd2-94f5f0b63662,gmfx86xkrn@privaterelay.appleid.com,en,English,en,English,FALSE,TRUE,TRUE,TRUE,01/04/2024,ContextiOS; ReversoWeb; ContextWeb,30/09/2026,01/04/2024,Spain,ES,,,Foreign Language Teacher,TRUE,Apple,raquelitacalder,ContextiOS,iOS,01/04/2027,,,
df56b0f0-4188-4719-8856-fd5133d42edf,ahmadrashaad@gmail.com,en,English,ar,Arabic,FALSE,TRUE,TRUE,TRUE,16/03/2024,ContextAndroid; ReversoWin; Dictionary; ChromeExt; ContextiOS; ReversoWeb; ContextWeb; GAS; Documents; SynonymsWeb; Speller; Conjugator; Unknown,02/10/2026,16/05/2026,UK,GB,1986,40,Foreign Language Teacher,FALSE,Reverso,Rashaad,ContextAndroid,Windows 10,,13/05/2027,13/05/2027,
f661bd0d-aaee-49f2-b8da-72570f1f0477,evandrogarcez@gmail.com,pt,Portuguese,en,English,FALSE,TRUE,TRUE,TRUE,11/03/2024,ReversoWin; ContextiOS; ReversoWeb; ContextWeb; Documents; Dictionary; Vocabulary; GAS; SynonymsWeb,02/10/2026,03/08/2025,Brazil,BR,1981,45,Foreign Language Teacher,TRUE,Google,evandrogarcez,ReversoWin,iOS,13/09/2027,,,
287f3030-3c7b-4b54-b7d5-8a617e8bfcb5,centreroundtrip@gmail.com,fr,French,fr,French,FALSE,TRUE,TRUE,TRUE,04/03/2024,ReversoWeb; Documents; ContextiOS; Speller; GAS; Unknown,24/09/2026,07/03/2024,Martinique,MQ,1976,50,Foreign Language Teacher,TRUE,Reverso; Google,centreroundtrip,ReversoWeb,Mac OS X 10.15.7,16/09/2026,,07/03/2027,
be074fbe-9659-4186-a756-412668aa81dc,tykhovska85@gmail.com,en,English,en,English,FALSE,TRUE,TRUE,TRUE,20/02/2024,ContextAndroid; Documents; ContextWeb; GAS,01/10/2026,20/02/2024,Ukraine,UA,,,Foreign Language Teacher,TRUE,Google,tykhovska85,ContextAndroid,Android 15,,12/07/2027,,
1230b206-115c-47aa-8a06-f5d672331340,mariia.tolmach@gmail.com,fr,French,fr,French,FALSE,TRUE,TRUE,TRUE,19/02/2024,Documents; ContextiOS; ReversoWeb; Speller; Conjugator; ContextWeb; SynonymsWeb; Dictionary; Unknown,02/10/2026,19/02/2024,France,FR,,,Foreign Language Teacher,TRUE,Google,mariiatolmach,Documents,iOS,18/10/2026,,,
2f3aa84a-6d38-40f5-be2d-f2ace50fe958,asudenisin2@gmail.com,en,English,tr,Turkish,FALSE,TRUE,TRUE,TRUE,05/02/2024,ContextiOS; Documents; ReversoWeb; GAS; ReversoWin; Unknown,02/10/2026,01/07/2024,Turkey,TR,,,Foreign Language Teacher,TRUE,Reverso,asudenisin2,ContextiOS,iOS,12/02/2027,,,
ac425c48-599e-4b86-bfc0-ff241096633d,khrobak.iryna@gmail.com,en,English,uk,Ukrainian,FALSE,TRUE,TRUE,TRUE,04/02/2024,ContextAndroid; ReversoWin; Documents; ChromeExt; ContextWeb; ReversoWeb; GAS; Unknown,29/09/2026,04/02/2024,Ukraine,UA,1983,43,Foreign Language Teacher,TRUE,Reverso,khrobakiryna,ContextAndroid,Windows 10,,21/07/2027,,
ec8973f1-bdf1-4bd7-b6b6-283b5fc6c374,bbtydynzxr@privaterelay.appleid.com,de,German,de,German,FALSE,TRUE,TRUE,TRUE,03/02/2024,ContextiOS; ReversoMac; Conjugator; Dictionary; ReversoWeb; ContextWeb; Documents; GAS,30/09/2026,03/02/2024,Austria,AT,,,Foreign Language Teacher,TRUE,Reverso; Apple,dobdette,ContextiOS,iOS,14/02/2027,,17/10/2026,
8fd7030c-6abf-4374-b3b0-e4ddfb85fce3,gvjtwkn9k2@privaterelay.appleid.com,de,German,de,German,FALSE,TRUE,TRUE,TRUE,03/02/2024,ReversoMac; ContextiOS; ReversoWeb; Vocabulary; Documents; ContextWeb; SynonymsWeb; GAS; Conjugator; Unknown,02/10/2026,01/02/2026,Germany,DE,1981,45,Foreign Language Teacher,TRUE,Apple,kurus81,ReversoMac,iOS,21/02/2027,,,
39db71a6-5b37-4891-b44a-c30e6e77c687,waters@bu.edu,en,English,en,English,FALSE,TRUE,TRUE,TRUE,25/01/2024,ContextWeb; ContextiOS,01/10/2026,25/01/2024,USA,US,,,Foreign Language Teacher,TRUE,Google,waters,ContextWeb,iOS,15/07/2027,,,
27c283d4-0feb-4829-adce-86a36336de76,thannerweig@gmail.com,de,German,de,German,FALSE,TRUE,TRUE,TRUE,16/01/2024,ContextiOS; ReversoMac; ReversoWeb; SynonymsWeb; ContextWeb; Conjugator; SafariExt; Dictionary; Documents; Vocabulary,30/09/2026,16/01/2024,Germany,DE,,,Foreign Language Teacher,TRUE,Google,thannerweig,ContextiOS,Mac OS X 10.15.7,19/02/2027,,,
86082fe3-ea73-485c-8815-c5bfb595300f,robin.fayt@gmail.com,fr,French,en,English,FALSE,TRUE,TRUE,TRUE,21/12/2023,ContextAndroid; ReversoWin; ContextWeb; Dictionary; ReversoWeb; Speller,01/10/2026,21/12/2023,Belgium,BE,,,Foreign Language Teacher,TRUE,Google,robinfayt,ContextAndroid,Android 16,,02/12/2026,,
ad50e91c-e793-44c5-9935-d904deaea232,lennarthildeman@gmail.com,en,English,en,English,FALSE,TRUE,TRUE,TRUE,11/12/2023,ContextiOS; ReversoWeb; GAS; Unknown,29/09/2026,11/12/2023,Sweden,SE,,,Foreign Language Teacher,FALSE,Reverso; Google,lennarthildeman,ContextiOS,iOS,26/10/2026,,,
c8c7f1df-42e8-4bef-b652-f5c5b98f6022,caro.jpa@wanadoo.fr,fr,French,fr,French,FALSE,TRUE,TRUE,TRUE,22/11/2023,ContextiOS; ReversoMac; ReversoWeb; GAS; ContextWeb; Speller; Unknown,02/10/2026,30/11/2025,France,FR,,,Foreign Language Teacher,TRUE,Reverso; Apple,carolinette56,ContextiOS,iOS,29/10/2026,,,
821efa7f-51e9-4724-b549-1335d2f4131a,anutka.16domnina@mail.ru,ru,Russian,ru,Russian,FALSE,TRUE,TRUE,TRUE,01/11/2023,ContextiOS; GAS,02/10/2026,01/11/2023,Russian Federation,RU,,,Foreign Language Teacher,TRUE,Reverso; Google,anutka16domnina,ContextiOS,iOS,23/10/2026,,,
dff01741-840c-4851-93d7-56a80c10f618,fashionista101kt@gmail.com,en,English,en,English,FALSE,TRUE,TRUE,TRUE,23/10/2023,ReversoMac; ContextiOS,02/10/2026,23/10/2023,USA,US,,,Foreign Language Teacher,TRUE,Google,fashionista101kt,ReversoMac,iOS,28/11/2026,,,
28c1629f-9629-42c0-a014-85420991687e,cesarlimarebelo@outlook.com,en,English,en,English,FALSE,TRUE,TRUE,TRUE,11/10/2023,ContextAndroid; ReversoMac; ContextiOS; ReversoWeb; ContextWeb; Dictionary; Documents; ReversoWin; GAS; Unknown,01/10/2026,30/05/2024,Brazil,BR,1981,45,Foreign Language Teacher,TRUE,Reverso; Google,cesarlimarebelo,ContextAndroid,Mac OS X 10.15.7,,,05/10/2026,
00c4cfb6-4827-4e31-a16e-e669e72a4583,phenorafataki@gmail.com,fr,French,fr,French,FALSE,TRUE,TRUE,TRUE,27/09/2023,Documents; ContextAndroid; ContextWeb; ReversoWeb,01/10/2026,27/09/2023,"Congo, Democratic Republic of the",CD,,,Foreign Language Teacher,TRUE,Google,phenorafataki,Documents,Android 13,,04/10/2026,,
2f1a063d-4570-400d-8eba-753fe57346a5,etienne.unige@libero.it,it,Italian,it,Italian,FALSE,TRUE,TRUE,TRUE,26/09/2023,ContextAndroid; ContextWeb; GAS; Unknown,02/10/2026,26/09/2023,Italy,IT,1990,36,Foreign Language Teacher,FALSE,Reverso,etienneunige,ContextAndroid,Android 14,,20/07/2027,,
7125df39-c5bd-4ced-927a-fbc2c667a3e5,josealberto.campos@colegioapostol.com,es,Spanish,es,Spanish,FALSE,TRUE,TRUE,TRUE,21/09/2023,Documents; ContextiOS; ReversoWin; ChromeExt; ReversoWeb; Dictionary; ContextWeb; GAS; ReversoMac; Conjugator; SynonymsWeb; Unknown,02/10/2026,18/10/2024,Spain,ES,,,Foreign Language Teacher,TRUE,Reverso; Google,josealbertocampos,Documents,iOS,,,20/04/2027,
60fd6dc3-c8fb-4149-a4b0-13def6586595,mr.berrahou@gmail.com,en,English,en,English,FALSE,TRUE,TRUE,TRUE,14/09/2023,ContextWeb; ReversoWeb; Speller; ContextAndroid; Conjugator; Dictionary; Documents; GAS; SynonymsAndroid; SynonymsWeb; ReversoMac,17/09/2026,24/03/2024,Norway,NO,1971,55,Foreign Language Teacher,TRUE,Google,phariid,ContextWeb,Chrome OS 14541.0.0,,15/10/2025,14/10/2026,
0735ed26-b807-4b0c-a9b2-91828dbbb029,sarahaymanjesus@gmail.com,en,English,es,Spanish,FALSE,TRUE,TRUE,TRUE,13/09/2023,ContextiOS; ContextAndroid; ReversoWeb; ContextWeb; GAS; Documents; ReversoWin; SynonymsWeb; Speller; Dictionary,30/09/2026,13/09/2023,France,FR,,,Foreign Language Teacher,TRUE,Google,sarahaymanjesus,ContextiOS,Android 16,,,20/06/2027,
a94d1753-e623-49ba-9bdd-dedf2f29ae93,alester.galbiati08@gmail.com,it,Italian,it,Italian,FALSE,TRUE,TRUE,TRUE,17/08/2023,ContextiOS; ReversoMac; ReversoWeb; Documents; ContextWeb; Conjugator; GAS,02/10/2026,12/08/2024,Italy,IT,,,Foreign Language Teacher,TRUE,Reverso; Google,AlessandraGalbiati,ContextiOS,iOS,16/10/2026,,,
20a7b68d-f990-46d5-ae2d-e46b9455103d,stephanienankam69@gmail.com,fr,French,en,English,FALSE,TRUE,TRUE,TRUE,04/08/2023,ContextAndroid; ContextWeb,02/10/2026,04/08/2023,Cameroon,CM,,,Foreign Language Teacher,TRUE,Google,stephanienankam69,ContextAndroid,Android 15,,09/10/2026,,
a5e14eb7-c87b-40b4-b861-0d19909724db,rebus.domus@gmail.com,ru,Russian,ru,Russian,FALSE,TRUE,TRUE,TRUE,19/07/2023,ContextiOS,01/10/2026,19/07/2023,Ukraine,UA,,,Foreign Language Teacher,TRUE,Apple,rebusdomus,ContextiOS,iOS,20/10/2026,,,
e47c6407-ad65-4ca4-a634-7f5e4c0b228f,sandro.volpe@unipa.it,it,Italian,it,Italian,FALSE,TRUE,TRUE,TRUE,15/06/2023,ContextiOS; ContextWeb; Conjugator; GAS; ReversoMac; Documents; ReversoWeb; Unknown,02/10/2026,15/06/2023,Italy,IT,,,Foreign Language Teacher,FALSE,Reverso,sandrovolpe,ContextiOS,iOS,,,10/05/2027,
558ff731-aee8-4973-8fa3-7f5039e401cd,abel.zn@outlook.com,en,English,en,English,FALSE,TRUE,TRUE,TRUE,14/06/2023,ContextWeb; ContextiOS; Dictionary; ChromeExt; ReversoWeb; GAS; Conjugator; SynonymsWeb; Documents; SafariExt; Unknown,02/10/2026,03/07/2026,Turkey,TR,,,Foreign Language Teacher,TRUE,Reverso,abelzn,ContextWeb,Windows 10,,,01/07/2027,
0cab8403-6a84-4772-a497-72ab8c739d3f,larrybanducci@gmail.com,en,English,en,English,FALSE,TRUE,TRUE,TRUE,26/05/2023,ContextiOS; ReversoMac; ReversoWeb; ContextWeb; ChromeExt; Vocabulary,01/10/2026,26/05/2023,USA,US,,,Foreign Language Teacher,TRUE,Google,larrybanducci,ContextiOS,iOS,22/09/2027,,,
3aeb44c6-b5cc-459a-b507-9703d784b5e4,devinswift.swift@gmail.com,de,German,en,English,FALSE,TRUE,TRUE,TRUE,11/05/2023,ContextAndroid; ReversoWin; ContextWeb; Conjugator; SynonymsWeb; Documents; ReversoWeb; Unknown,25/09/2026,11/05/2023,USA,US,,,Foreign Language Teacher,TRUE,Google,GruenReh,ContextAndroid,Android 16,,23/10/2026,,
8db8c446-e2c6-45cd-b13b-f2afd5fc193d,elodie.gribouille@gmail.com,fr,French,en,English,FALSE,TRUE,TRUE,TRUE,09/05/2023,ContextAndroid,02/10/2026,09/05/2023,Italy,IT,,,Foreign Language Teacher,TRUE,Google,elodiegribouille,ContextAndroid,Android 13,,08/09/2027,,
59fac145-c84f-4f7e-9f6b-8700d34e38e6,annebm8@gmail.com,pt,Portuguese,en,English,FALSE,TRUE,TRUE,TRUE,27/04/2023,ContextAndroid; ReversoWeb; ContextWeb; Conjugator; Dictionary; Documents; GAS; ReversoWin; SynonymsWeb; Speller; Unknown,02/10/2026,14/08/2026,Brazil,BR,1973,53,Foreign Language Teacher,TRUE,Google,annebm8,ContextAndroid,Windows 10,,03/06/2027,,
f8c80289-ee0b-44f0-862c-8eee0ea25808,agisilaouanna@gmail.com,en,English,en,English,FALSE,TRUE,TRUE,TRUE,24/04/2023,ContextAndroid; ContextiOS; ContextWeb,02/10/2026,24/04/2023,France,FR,,,Foreign Language Teacher,TRUE,Google,agisilaouanna,ContextAndroid,iOS,14/07/2027,,,
fa1ec4db-95ae-4e7b-bd07-daefacb3f479,caroline.cunha91@gmail.com,pt,Portuguese,pt,Portuguese,FALSE,TRUE,TRUE,TRUE,17/04/2023,ContextiOS; ContextWeb; ReversoWeb; SynonymsWeb; Dictionary; Documents; Speller; Unknown,02/10/2026,17/04/2023,Brazil,BR,,,Foreign Language Teacher,TRUE,Google,carolinecunha91,ContextiOS,Windows 10,07/10/2026,,,
302a52de-c055-41bf-8f74-88a34d3fdc57,olena.kononenko@gmail.com,ru,Russian,ru,Russian,FALSE,TRUE,TRUE,TRUE,12/04/2023,ContextWeb; ContextAndroid; GAS; Documents; ReversoWeb; ReversoWin; Unknown,02/10/2026,16/07/2025,Ukraine,UA,1986,40,Foreign Language Teacher,FALSE,Google,olena_kononenko,ContextWeb,Android 15,,15/10/2026,,
a6665c42-9340-4a60-9e84-dd416149d467,mascitti.nancy@gmail.com,fr,French,fr,French,FALSE,TRUE,TRUE,TRUE,03/04/2023,Speller; ReversoWin; ReversoWeb; ContextWeb; Documents; Dictionary; ContextAndroid; GAS; SynonymsWeb; Conjugator; Unknown,01/10/2026,04/04/2023,France,FR,,,Foreign Language Teacher,TRUE,Google,mascittinancy,Speller,Windows 10,,,05/10/2026,
ab0126bb-fb66-4449-98bf-b0d1e8be2daa,zerba000@icloud.com,ru,Russian,ru,Russian,FALSE,TRUE,TRUE,TRUE,23/03/2023,ContextiOS,02/10/2026,23/03/2023,Italy,IT,,,Foreign Language Teacher,TRUE,Apple,zerba000,ContextiOS,iOS,26/05/2027,,,
e7e1fdba-f7bd-445f-98d0-0891844061f4,ygqx66bgtf@privaterelay.appleid.com,it,Italian,it,Italian,FALSE,TRUE,TRUE,TRUE,14/03/2023,ContextWeb; ContextiOS; ReversoWeb; Dictionary,30/09/2026,14/03/2023,Italy,IT,,,Foreign Language Teacher,TRUE,Apple,Kris9469,ContextWeb,iOS,10/02/2027,,,
443261ad-a8dd-4e93-bef1-ffd69d7c25e6,james.mcelwee@orange.fr,fr,French,fr,French,FALSE,TRUE,TRUE,TRUE,11/03/2023,GAS; ReversoWin; Dictionary; ContextWeb; Documents; ReversoWeb; Speller; SynonymsWeb; Unknown,01/10/2026,23/02/2025,France,FR,,,Foreign Language Teacher,FALSE,Reverso,jamesmcelwee,GAS,Windows 7,,,27/11/2026,
f2781fb0-c8bc-4020-b7bd-95c4f4a2ed75,erdem.mahmut.26@gmail.com,en,English,en,English,FALSE,TRUE,TRUE,TRUE,15/02/2023,ReversoWin; ContextiOS; ReversoMac; Documents; ReversoWeb; ContextWeb; Conjugator,02/10/2026,15/02/2023,Turkey,TR,,,Foreign Language Teacher,TRUE,Google,erdemmahmut26,ReversoWin,iOS,06/01/2027,,,
0d336d17-a784-427e-a500-31464069f14b,mvance43@gmail.com,en,English,en,English,FALSE,TRUE,TRUE,TRUE,05/02/2023,ContextiOS; GAS; Unknown,18/09/2026,05/02/2023,USA,US,1943,83,Foreign Language Teacher,FALSE,Reverso; Google,mvance43,ContextiOS,iOS,01/06/2027,,,
714d4b91-a501-415e-9fd7-0cc7e3a58e43,mmenash88@gmail.com,en,English,en,English,FALSE,TRUE,TRUE,TRUE,03/02/2023,ContextiOS; ReversoWeb; ContextWeb; ChromeExt; Documents; GAS,30/09/2026,03/02/2023,USA,US,,,Foreign Language Teacher,TRUE,Reverso; Apple; Google,mmenash88,ContextiOS,iOS,,,16/01/2027,
89024045-d537-4480-9d42-6b4cd0e4d6d0,andreacantusio@hotmail.com,pt,Portuguese,pt,Portuguese,FALSE,TRUE,TRUE,TRUE,30/01/2023,ContextiOS,28/09/2026,30/01/2023,Brazil,BR,,,Foreign Language Teacher,TRUE,Apple,andreacantusio,ContextiOS,iOS,17/02/2027,,,
64212fd1-bbbc-418a-9569-02151441bae0,lemendes.hm@gmail.com,pt,Portuguese,pt,Portuguese,FALSE,TRUE,TRUE,TRUE,28/01/2023,ContextiOS; ReversoWeb; ContextWeb,02/10/2026,28/01/2023,Brazil,BR,,,Foreign Language Teacher,TRUE,Google,lemendeshm,ContextiOS,iOS,06/10/2026,,,
74c1c4df-e57f-470d-ad1a-72f98224d623,clauzamoragro@gmail.com,es,Spanish,es,Spanish,FALSE,TRUE,TRUE,TRUE,28/01/2023,ContextAndroid; ChromeExt; ContextWeb; ReversoWeb; Dictionary; GAS; SynonymsWeb; Speller; ContextiOS; Documents; Conjugator; ReversoWin; Unknown,02/10/2026,21/03/2026,Mexico,MX,,,Foreign Language Teacher,FALSE,Reverso; Google,clauzamoragro,ContextAndroid,Android 16,,02/04/2026,02/04/2027,
38e6e8f7-3316-4d5c-a3df-c45ae0ce2638,mervilvan1@gmail.com,en,English,en,English,FALSE,TRUE,TRUE,TRUE,15/01/2023,ContextiOS,24/09/2026,15/01/2023,USA,US,,,Foreign Language Teacher,TRUE,Google,mervilvan1,ContextiOS,iOS,14/04/2027,,,
010a85bc-9aad-4204-adf0-d78a826dc349,mvila115@xtec.cat,en,English,en,English,FALSE,TRUE,TRUE,TRUE,13/01/2023,ReversoWin; ContextiOS; ReversoWeb; Dictionary,01/10/2026,13/01/2023,Spain,ES,,,Foreign Language Teacher,TRUE,Facebook; Google,mvila115,ReversoWin,iOS,29/10/2026,,,
96657fc7-583d-48e6-9a8a-ee8922aba603,way.up.mail@gmail.com,ru,Russian,ru,Russian,FALSE,TRUE,TRUE,TRUE,04/01/2023,ContextiOS; ReversoWin; ReversoWeb; Documents; ContextAndroid; ContextWeb; SynonymsWeb; Dictionary; Conjugator; Unknown,02/10/2026,04/01/2023,Ukraine,UA,,,Foreign Language Teacher,TRUE,Google,wayupmail,ContextiOS,iOS,27/10/2026,,,
122ec5fa-0180-4780-94d6-d01750b38d22,madibiramu@gmail.com,en,English,fr,French,FALSE,TRUE,TRUE,TRUE,01/01/2023,Documents; ReversoWin; ReversoWeb; Speller; ContextWeb; ContextAndroid; GAS; ReversoMac; Conjugator; SynonymsWeb; Unknown,02/10/2026,13/08/2024,Mali,ML,1982,44,Foreign Language Teacher,TRUE,Reverso,madibiramu,Documents,Windows 10,,31/10/2026,08/04/2027,
995fad66-e8ba-46b6-a92f-15fcb45bda0e,mariannadidio@hotmail.com,it,Italian,it,Italian,FALSE,TRUE,TRUE,TRUE,23/12/2022,ContextiOS; ReversoMac; ReversoWeb; Documents; ContextWeb,01/10/2026,23/12/2022,Italy,IT,,,Foreign Language Teacher,TRUE,Apple,mariannadidio,ContextiOS,iOS,19/10/2026,,,
83e61791-f60c-4b44-bdb3-d8826d1eeb2f,fab.english.tut.eure@gmail.com,fr,French,fr,French,FALSE,TRUE,TRUE,TRUE,21/12/2022,ReversoWin; GAS; Documents; ContextAndroid; ContextWeb; ReversoWeb; FirefoxExt; Speller; Dictionary; Unknown,02/10/2026,24/09/2026,France,FR,1972,54,Foreign Language Teacher,FALSE,Reverso,FabTutEure,ReversoWin,Windows 10,,18/10/2026,18/10/2026,
ccb61355-4959-4216-8986-775040bb6b5c,urosabalm@gmail.com,es,Spanish,en,English,FALSE,TRUE,TRUE,TRUE,19/12/2022,ContextAndroid; ContextWeb; ReversoWin; ReversoWeb; GAS; Documents; Dictionary; Unknown,02/10/2026,29/08/2026,Germany,DE,,,Foreign Language Teacher,TRUE,Google,urosabalm,ContextAndroid,Android 16,,26/11/2026,,
213b5791-7a60-4692-9351-55eb2667aef3,matlacala.mayra@gmail.com,es,Spanish,es,Spanish,FALSE,TRUE,TRUE,TRUE,18/12/2022,GAS; ReversoMac; ContextiOS; ContextAndroid; Dictionary; ContextWeb; Documents; ReversoWin; ReversoWeb; Unknown,27/09/2026,18/12/2022,Mexico,MX,1991,35,Foreign Language Teacher,TRUE,Reverso; Google,Mat_Matlacala,GAS,Mac OS X 10.15.7,18/01/2024,04/06/2026,04/06/2027,
2441b167-e5bd-4db1-9410-b0991b8cc7e9,carinamarcu00@gmail.com,fr,French,fr,French,FALSE,TRUE,TRUE,TRUE,17/12/2022,ContextWeb; ContextiOS; ReversoWin; SafariExt; Dictionary; ReversoWeb; Conjugator; GAS; ChromeExt; Documents,02/10/2026,17/12/2022,Germany,DE,,,Foreign Language Teacher,TRUE,Reverso; Apple; Google,carinamarcu00,ContextWeb,iOS,09/03/2027,,,
3883541c-7fc4-443d-b5fd-3ea281cdf033,kravtsova.luckylang@gmail.com,ru,Russian,en,English,FALSE,TRUE,TRUE,TRUE,15/12/2022,ContextAndroid; ContextWeb; ReversoWeb; SynonymsWeb,02/10/2026,15/12/2022,Ukraine,UA,,,Foreign Language Teacher,TRUE,Google,kravtsovaluckylang,ContextAndroid,Windows 10,,21/02/2027,,
db0ddc3d-bac7-4104-ab51-bdbed474eabb,yerzunov@gmail.com,ru,Russian,ru,Russian,FALSE,TRUE,TRUE,TRUE,13/12/2022,ContextWeb; ContextAndroid,02/10/2026,13/12/2022,Ukraine,UA,,,Foreign Language Teacher,TRUE,Google,yerzunov,ContextWeb,Android 15,,18/02/2027,,
3edfb1d8-388d-4df4-a805-06255b294a86,s.musy@mail.ru,ru,Russian,ru,Russian,FALSE,TRUE,TRUE,TRUE,28/11/2022,ContextiOS; GAS; Unknown,30/09/2026,12/01/2026,Russian Federation,RU,,,Foreign Language Teacher,FALSE,Reverso,smusy,ContextiOS,iOS,20/02/2027,,,
1c925fd2-deef-4c0d-a447-71278a219c05,mariasaico@hotmail.com,fr,French,fr,French,FALSE,TRUE,TRUE,TRUE,23/11/2022,Speller; ContextiOS; ContextWeb; ReversoWeb; Documents; GAS; ReversoMac; Unknown,24/09/2026,03/12/2022,Spain,ES,1975,51,Foreign Language Teacher,TRUE,Reverso,mariasaico,Speller,iOS,,,23/11/2026,
19790e0b-1bcb-4a79-b60d-d733b6e77412,christina.spiritcare@gmail.com,ru,Russian,en,English,FALSE,TRUE,TRUE,TRUE,21/11/2022,ContextiOS; ContextWeb; ContextAndroid; Documents; ReversoWin; GAS; ReversoWeb; Speller; Dictionary; Conjugator; SynonymsWeb; ChromeExt; Unknown,02/10/2026,16/09/2026,Ukraine,UA,1993,33,Foreign Language Teacher,TRUE,Reverso; Google,fijey17,ContextiOS,Windows 10,17/07/2024,02/10/2026,02/10/2026,
53975f79-c8dc-45cd-875d-8e14eb2513f2,fermintalavera29@gmail.com,en,English,en,English,FALSE,TRUE,TRUE,TRUE,28/10/2022,ContextAndroid; ContextWeb; Conjugator; ReversoWeb; Dictionary; Speller; Documents; ChromeExt; SynonymsWeb; GAS; ReversoWin; Unknown,02/10/2026,28/10/2022,Mexico,MX,,,Foreign Language Teacher,TRUE,Reverso; Google,фэрмин,ContextAndroid,Android 16,,03/10/2026,,
3db4796d-ead9-453a-a72c-e1845fb15691,soelhv@gmail.com,en,English,ru,Russian,FALSE,TRUE,TRUE,TRUE,16/10/2022,ContextiOS; ReversoMac; Documents; ReversoWeb; ContextWeb; GAS,06/09/2026,19/11/2022,Russian Federation,RU,2002,24,Foreign Language Teacher,FALSE,Reverso,soelhv,ContextiOS,iOS,18/06/2027,,,
d48fa765-3d7c-43f1-aa4f-b38d3d3178c6,paivalorraine@gmail.com,en,English,en,English,FALSE,TRUE,TRUE,TRUE,13/10/2022,ContextiOS; GAS; Documents,02/10/2026,13/10/2022,USA,US,,,Foreign Language Teacher,TRUE,Reverso; Google,teacherlo,ContextiOS,iOS,01/03/2027,,,
5f3d61c6-427e-4f00-8345-cb52f9442da3,lauramunich@gmail.com,it,Italian,it,Italian,FALSE,TRUE,TRUE,TRUE,10/10/2022,ContextiOS; ReversoMac; ReversoWeb; Conjugator; Documents; SynonymsWeb; Speller; ContextWeb; Dictionary; GAS; Unknown,02/10/2026,10/10/2022,USA,US,,,Foreign Language Teacher,FALSE,Reverso,lauramunich,ContextiOS,Mac OS X 10.15.7,10/07/2027,,23/11/2026,
e9d58460-6064-4cb5-b0a6-7847aef58a5e,mkirschohlweiler@gmail.com,en,English,pt,Portuguese,FALSE,TRUE,TRUE,TRUE,07/10/2022,ContextWeb; ReversoMac; ChromeExt; ContextiOS; ReversoWeb; Dictionary; GAS; ReversoWin; Documents; Speller; Conjugator; ContextAndroid; Unknown,01/10/2026,07/07/2026,Brazil,BR,1990,36,Foreign Language Teacher,TRUE,Google,mkirschohlweiler,ContextWeb,Mac OS X 10.15.7,11/06/2024,07/02/2023,10/11/2026,
7c0f78c3-9dd3-408f-b572-2a277c7d384a,angelica.sejas@yahoo.es,es,Spanish,es,Spanish,FALSE,TRUE,TRUE,TRUE,05/10/2022,ContextiOS; ReversoMac; ReversoWeb; ContextWeb; Documents; GAS; ReversoWin; Conjugator; Unknown,01/10/2026,06/06/2025,Spain,ES,,,Foreign Language Teacher,FALSE,Reverso,angelicasejas,ContextiOS,iOS,12/03/2023,,12/06/2027,
bcfe7213-9fc1-4bfc-b170-d16e4838d245,yuliazbarash@gmail.com,ru,Russian,ru,Russian,FALSE,TRUE,TRUE,TRUE,17/09/2022,ContextWeb; ContextiOS; ReversoWeb; SynonymsWeb; Dictionary; ChromeExt; Conjugator; ReversoWin; Documents; GAS; Unknown,02/10/2026,21/03/2025,Belarus,BY,,,Foreign Language Teacher,TRUE,Google,yuliazbarash,ContextWeb,iOS,06/01/2027,,,
288e8296-fee6-457a-a711-8fb478b2baa2,patricia.credentino@gmail.com,en,English,nl,Dutch,FALSE,TRUE,TRUE,TRUE,15/09/2022,ContextAndroid; ContextWeb; Documents; ReversoWeb; ContextiOS; Dictionary; ReversoMac; GAS; FirefoxExt; Conjugator; SynonymsWeb; Unknown,01/10/2026,23/11/2025,Belgium,BE,1965,61,Foreign Language Teacher,TRUE,Reverso,patriciacredentino,ContextAndroid,Android 16,,21/09/2027,,
4faa7777-3954-4ecd-ace6-dec6c38aa229,c4hzk2df6f@privaterelay.appleid.com,en,English,en,English,FALSE,TRUE,TRUE,TRUE,10/09/2022,ContextiOS,28/09/2026,10/09/2022,UK,GB,,,Foreign Language Teacher,TRUE,Apple,c4hzk2df6f,ContextiOS,iOS,26/09/2027,,,
22d63547-c72e-43e1-a7cb-f30b813bd1bf,erandirh@gmail.com,pt,Portuguese,pt,Portuguese,FALSE,TRUE,TRUE,TRUE,07/08/2022,ContextAndroid; ReversoWeb; ContextWeb; Dictionary; FirefoxExt; GAS; Documents; SynonymsWeb; Unknown,20/09/2026,28/07/2026,Brazil,BR,1973,53,Foreign Language Teacher,TRUE,Reverso; Google,erandirh,ContextAndroid,Ubuntu,,09/06/2027,,
b3bc5a0a-62a5-4326-97b6-4e452d9ed86a,leanagiannini@gmail.com,en,English,en,English,FALSE,TRUE,TRUE,TRUE,06/08/2022,ContextiOS; GAS; Unknown,02/10/2026,05/07/2026,USA,US,1957,69,Foreign Language Teacher,TRUE,Reverso; Google,leanagiannini,ContextiOS,iOS,22/03/2027,,,
20d9f4ca-0799-4597-9f03-1b7a55e83871,dpvfmt65sm@privaterelay.appleid.com,it,Italian,it,Italian,FALSE,TRUE,TRUE,TRUE,06/08/2022,ContextiOS; ReversoWin; GAS; Documents,01/10/2026,24/07/2023,Italy,IT,1962,64,Foreign Language Teacher,TRUE,Apple,dpvfmt65sm,ContextiOS,iOS,16/06/2027,,,
2b14e75d-488b-41a2-b7f8-fa769924b69a,glezdianafr@gmail.com,es,Spanish,es,Spanish,FALSE,TRUE,TRUE,TRUE,23/06/2022,ContextiOS; ReversoMac; ReversoWeb; SafariExt; Conjugator; ContextWeb; Vocabulary; SynonymsWeb; Documents; Dictionary; Unknown,02/10/2026,23/06/2022,Mexico,MX,,,Foreign Language Teacher,TRUE,Google,glezdianafr,ContextiOS,iOS,18/10/2026,,,
4a2a6e29-4676-4b48-8330-e9bdb496bca6,ronaldiskin@gmail.com,en,English,en,English,FALSE,TRUE,TRUE,TRUE,20/06/2022,ChromeExt; ReversoWin; ContextiOS; Documents; ReversoWeb; Vocabulary; ContextWeb; Speller; GAS; SynonymsWeb; Unknown,01/10/2026,05/03/2024,Brazil,BR,,,Foreign Language Teacher,TRUE,Reverso; Google,ronaldiskin,ChromeExt,Windows 10,18/03/2027,,,
e1a0c6ab-8908-469a-a4d6-86e0340bbd9c,fdillephoenix@gmail.com,en,English,en,English,FALSE,TRUE,TRUE,TRUE,01/06/2022,GAS; ReversoWin; ReversoWeb; ContextWeb; Documents; Conjugator; ChromeExt; Dictionary; Speller; Unknown,29/09/2026,31/07/2026,Australia,AU,1951,75,Foreign Language Teacher,TRUE,Reverso; Google,fdillephoenix,GAS,Windows 10,,,02/06/2027,
9ddb6a4f-5c92-48ff-bc8d-665309d513ce,imansur1010@gmail.com,pt,Portuguese,pt,Portuguese,FALSE,TRUE,TRUE,TRUE,29/05/2022,ContextiOS,01/10/2026,29/05/2022,Brazil,BR,,,Foreign Language Teacher,TRUE,Google,imansur1010,ContextiOS,iOS,17/02/2027,,,
f2b37319-c109-4d98-9805-d45f505f6a15,nolanikki@gmail.com,en,English,en,English,FALSE,TRUE,TRUE,TRUE,14/04/2022,ContextWeb; ReversoWeb; ContextAndroid; Dictionary; Conjugator; Unknown,23/09/2026,14/04/2022,USA,US,,,Foreign Language Teacher,TRUE,Google,MadameFikes,ContextWeb,Windows 10,,27/10/2026,,
8e32b51d-3395-4901-809b-267ae94d70f8,arthurfellype@gmail.com,pt,Portuguese,en,English,FALSE,TRUE,TRUE,TRUE,13/04/2022,ContextAndroid; ReversoWeb; ContextWeb; ReversoWin; Documents; ChromeExt; Conjugator; GAS; Vocabulary; Unknown,30/09/2026,14/04/2022,Brazil,BR,1996,30,Foreign Language Teacher,FALSE,Google,arthurfellype,ContextAndroid,Android 13,,20/04/2027,,
980ca27c-2f43-4124-b7b3-5598fa5beb39,tammyrchristensen@gmail.com,en,English,en,English,FALSE,TRUE,TRUE,TRUE,13/04/2022,ContextiOS; ReversoMac; GAS; Documents; ReversoWeb; Dictionary; Vocabulary; Unknown,01/10/2026,03/06/2026,USA,US,,,Foreign Language Teacher,TRUE,Google,tammyrchristensen,ContextiOS,Mac OS X 10.15.7,05/10/2026,,,
a9d70deb-037f-43a7-bbf8-ba785f109fd4,ginavj13@gmail.com,en,English,en,English,FALSE,TRUE,TRUE,TRUE,24/03/2022,ContextWeb; ReversoMac; ReversoWeb; Dictionary; GAS; Documents; Conjugator; Vocabulary; SynonymsWeb; Unknown,01/10/2026,24/04/2026,Mexico,MX,1969,57,Foreign Language Teacher,TRUE,Reverso,ginavj13,ContextWeb,Mac OS X 10.15.7,,,09/06/2027,
d7350328-dadf-4436-9117-034fe3f8c38c,aless_giuliani@yahoo.it,it,Italian,it,Italian,FALSE,TRUE,TRUE,TRUE,02/03/2022,ContextiOS; ReversoWeb; ContextWeb; Documents; ReversoWin; SynonymsWeb; Conjugator; GAS; Dictionary,27/09/2026,02/03/2022,Italy,IT,,,Foreign Language Teacher,TRUE,Reverso; Facebook,aless_giuliani,ContextiOS,Windows 10,,,16/01/2027,
d339a004-cb2b-4301-9f44-d13f07bf0255,ralucazakheim@gmail.com,en,English,en,English,FALSE,TRUE,TRUE,TRUE,25/02/2022,ContextiOS; GAS,22/09/2026,25/02/2022,Israel,IL,,,Foreign Language Teacher,TRUE,Reverso; Google,ralucazakheim,ContextiOS,iOS,12/10/2026,,,
9898f534-b4e7-4638-96ec-a8986786fe00,elenabressanoyoga@gmail.com,it,Italian,en,English,FALSE,TRUE,TRUE,TRUE,18/02/2022,ContextAndroid; ReversoWin; ContextWeb; Documents; ReversoWeb,30/09/2026,18/02/2022,Italy,IT,,,Foreign Language Teacher,TRUE,Google,elenabressanoyoga,ContextAndroid,Windows 10,,,03/02/2027,
22612f76-39db-4c92-b5fe-8a10f5494d44,vallensonelove@gmail.com,ru,Russian,ru,Russian,FALSE,TRUE,TRUE,TRUE,17/02/2022,ReversoWin; ContextiOS; ReversoWeb; ContextWeb; GAS; Documents; Unknown,01/10/2026,20/08/2026,Russian Federation,RU,,,Foreign Language Teacher,FALSE,Google,vallensonelove,ReversoWin,iOS,22/12/2025,,20/08/2027,
b8e59032-d9b7-440a-8872-1a25a0e0b22c,kelaubin@gmail.com,en,English,en,English,FALSE,TRUE,TRUE,TRUE,09/02/2022,ContextiOS; ReversoWeb; ContextWeb; Conjugator; Documents; GAS; Unknown,01/10/2026,09/02/2022,Canada,CA,,,Foreign Language Teacher,FALSE,Reverso; Google,kelaubin,ContextiOS,iOS,,,02/12/2026,
90b5cb6e-789a-4777-93cc-71b6db34c959,sally.pinh@gmail.com,pt,Portuguese,en,English,FALSE,TRUE,TRUE,TRUE,21/01/2022,ContextAndroid; ReversoWeb; Documents; GAS; ContextWeb; Unknown,14/09/2026,12/01/2024,Brazil,BR,,,Foreign Language Teacher,TRUE,Reverso; Facebook; Google,sallypinh,ContextAndroid,Android 16,,16/04/2027,,
bcf355e4-5031-48d8-9c01-c1805c3b41aa,yosig@comcast.net,en,English,en,English,FALSE,TRUE,TRUE,TRUE,14/01/2022,ContextWeb; ReversoMac; GAS; Documents; ReversoWeb; Vocabulary; ContextiOS; Conjugator; ReversoWin; Dictionary; Speller; Unknown,01/10/2026,02/08/2026,USA,US,1944,82,Foreign Language Teacher,TRUE,Reverso; Facebook,yosig,ContextWeb,Mac OS X 10.15.7,22/02/2026,,09/08/2027,
c3ada771-04c1-4ab5-8a54-1f1aa064673c,laurencebauduin@fastrez.eu,fr,French,fr,French,FALSE,TRUE,TRUE,TRUE,14/01/2022,ContextAndroid; ReversoWeb; ContextWeb; Dictionary; GAS; SynonymsWeb; Documents; Speller; ReversoWin; Unknown,02/10/2026,30/03/2026,Belgium,BE,1969,57,Foreign Language Teacher,FALSE,Reverso,laurencebauduin,ContextAndroid,Windows 10,,,06/04/2027,
d37b02c1-a317-4d64-8f42-b66ddc1b387b,mm@vogt.me,de,German,nl,Dutch,FALSE,TRUE,TRUE,TRUE,12/01/2022,ContextiOS; ContextWeb; GAS; Documents; Unknown,30/09/2026,12/01/2025,Germany,DE,1960,66,Foreign Language Teacher,TRUE,Reverso,MM-V,ContextiOS,iOS,12/01/2025,,12/01/2027,
adb84b50-a257-468c-876c-668960ed9ff7,kate@hcwalter.net,en,English,fr,French,FALSE,TRUE,TRUE,TRUE,01/01/2022,ContextWeb; ContextiOS; ReversoMac; ReversoWeb; GAS; Documents; Dictionary,02/10/2026,20/08/2026,UK,GB,,,Foreign Language Teacher,TRUE,Reverso,kate37,ContextWeb,iOS,14/10/2026,,,
329a524b-8adb-419d-9824-a7bf72b94f9a,sondous0307@hotmail.com,en,English,en,English,FALSE,TRUE,TRUE,TRUE,30/12/2021,ContextWeb; ContextiOS; ReversoWeb; SynonymsWeb; Conjugator; Dictionary,28/09/2026,30/12/2021,USA,US,,,Foreign Language Teacher,TRUE,Facebook,sondous0307,ContextWeb,iOS,07/01/2027,,,
33cb2e56-7550-4bac-b32a-6954f32c5566,romangrigorian82@gmail.com,en,English,en,English,FALSE,TRUE,TRUE,TRUE,03/12/2021,ContextiOS; Documents; ReversoMac; GAS; ReversoWeb; ContextWeb; Unknown,02/10/2026,22/04/2026,USA,US,,,Foreign Language Teacher,TRUE,Reverso; Apple; Google,romangrigorian82,ContextiOS,iOS,05/10/2026,,04/03/2025,
d198c231-e089-4037-8500-ce8009dcac78,jbarcru@outlook.com,es,Spanish,es,Spanish,FALSE,TRUE,TRUE,TRUE,28/11/2021,ContextWeb; ContextiOS; ReversoMac; ContextAndroid; ReversoWeb; Dictionary; ReversoWin; GAS; Documents; Unknown,02/10/2026,20/03/2022,Spain,ES,,,Foreign Language Teacher,FALSE,Reverso,jbarcru,ContextWeb,iOS,23/04/2027,23/04/2027,,
c1479b22-5c24-4962-96ae-9376f0403a8e,ilaria93.b@gmail.com,it,Italian,it,Italian,FALSE,TRUE,TRUE,TRUE,11/11/2021,ContextWeb; ContextAndroid; ReversoWeb; Vocabulary; Documents; Dictionary; Unknown,30/09/2026,11/11/2021,Italy,IT,,,Foreign Language Teacher,TRUE,Reverso; Google,ilaria93b,ContextWeb,Android 16,,02/02/2027,02/02/2027,
74a9b73a-d8b3-4f3d-a428-1e54f45f7698,76z9xfb8j8@privaterelay.appleid.com,ru,Russian,ru,Russian,FALSE,TRUE,TRUE,TRUE,03/11/2021,ContextiOS; ContextWeb; ReversoWeb; Dictionary; SynonymsWeb; ReversoMac; Documents; Speller,02/10/2026,03/11/2021,Russian Federation,RU,,,Foreign Language Teacher,TRUE,Apple,76z9xfb8j8,ContextiOS,Mac OS X 10.15.7,17/09/2027,,,
e0d9745e-301f-4cdb-a904-6d38cd05e142,scruttonk@gmail.com,fr,French,fr,French,FALSE,TRUE,TRUE,TRUE,21/10/2021,ContextWeb; ContextiOS; ReversoWin; GAS; Documents; ReversoWeb,01/10/2026,19/03/2024,France,FR,1972,54,Foreign Language Teacher,TRUE,Reverso,scruttonk,ContextWeb,iOS,,,26/10/2026,
fa2062f0-e6a4-411c-9279-ce3f405d7c1a,elena.bargellini@yahoo.it,it,Italian,it,Italian,FALSE,TRUE,TRUE,TRUE,30/09/2021,ReversoWebMobile; ContextiOS; GAS; ContextWeb,28/09/2026,30/09/2021,Italy,IT,,,Foreign Language Teacher,TRUE,Reverso; Apple,elenabargellini,ReversoWebMobile,iOS,12/09/2027,,,
6d042d7e-5b46-4cda-b198-ffa29073ebbe,natakour@mail.ru,fr,French,ru,Russian,FALSE,TRUE,TRUE,TRUE,30/09/2021,ContextWeb; ReversoWin; ContextAndroid; Documents; ReversoWeb; GAS; Dictionary; Conjugator; Speller; SynonymsWeb; Unknown,30/09/2026,08/08/2026,France,FR,,,Foreign Language Teacher,FALSE,Reverso,natakour,ContextWeb,Windows 10,,12/06/2026,12/06/2027,
f1550b26-ff14-4384-b3bf-3463bd31f2b5,riccapatri@gmail.com,it,Italian,it,Italian,FALSE,TRUE,TRUE,TRUE,29/09/2021,ContextWeb; ContextiOS; ReversoWeb; SafariExt; Documents; GAS; Unknown,29/09/2026,11/01/2026,Italy,IT,,,Foreign Language Teacher,TRUE,Reverso; Apple; Google,riccapatri,ContextWeb,iOS,,,01/02/2027,
6d873059-c720-4fbf-8f98-3e2febf8b7c0,christinemillard1528@yahoo.com.au,en,English,en,English,FALSE,TRUE,TRUE,TRUE,25/09/2021,ContextWeb; ContextAndroid; GAS; Dictionary; ReversoWeb; Vocabulary; Unknown,01/10/2026,23/05/2026,Australia,AU,,,Foreign Language Teacher,TRUE,Reverso; Facebook,christinemillard1528,ContextWeb,Android 16,,05/07/2027,,
2b020a85-e1ec-4f33-8edf-359f840bafc8,matteolarotonda@gmail.com,en,English,en,English,FALSE,TRUE,TRUE,TRUE,20/09/2021,ContextAndroid; ContextiOS; ContextWeb; Unknown,24/09/2026,20/09/2021,Spain,ES,,,Foreign Language Teacher,TRUE,Facebook; Google,matteolarotonda,ContextAndroid,iOS,21/02/2027,,,
41d0cb3d-b477-4a95-8739-45c947e3f595,w5jj9krddv@privaterelay.appleid.com,en,English,ru,Russian,FALSE,TRUE,TRUE,TRUE,01/09/2021,ContextiOS; ReversoMac; ReversoWeb; Documents; ChromeExt; ContextWeb; Dictionary; Conjugator,01/10/2026,01/09/2021,Poland,PL,,,Foreign Language Teacher,TRUE,Apple,wpolina228w,ContextiOS,iOS,06/01/2026,,08/01/2027,
70201a04-8078-420e-8396-04f341d7f5f1,jonperez1957@gmail.com,en,English,en,English,FALSE,TRUE,TRUE,TRUE,18/08/2021,ContextAndroid; ReversoWin; ReversoWeb; Documents; ContextWeb; Dictionary; Conjugator; SynonymsWeb; Speller; ReversoMac; GAS,01/10/2026,19/07/2023,Israel,IL,1957,69,Foreign Language Teacher,TRUE,Google,jonperez1957,ContextAndroid,Windows 10,,27/11/2026,27/11/2026,
d5d036fe-8667-4bbb-b176-e63d110511a5,office.alexanderlouah@gmail.com,de,German,de,German,FALSE,TRUE,TRUE,TRUE,15/08/2021,ContextiOS,02/10/2026,15/08/2021,Austria,AT,,,Foreign Language Teacher,TRUE,Google,AlexanderLouah,ContextiOS,iOS,11/10/2026,,,
e1135910-a089-4e8b-8beb-3e9a656238a7,ritva.rytilahti@outlook.com,en,English,en,English,FALSE,TRUE,TRUE,TRUE,14/07/2021,ContextiOS; TranslatoriOS; SynonymsiOS; GAS; ContextWeb; ContextAndroid; Unknown,19/09/2026,14/07/2021,Finland,FI,,,Foreign Language Teacher,FALSE,Reverso,riry,ContextiOS,iOS,14/07/2027,14/07/2026,,
20d6afdf-2f67-4c39-8f50-f7a2754484ce,olgaburbonova@gmail.com,ru,Russian,ru,Russian,FALSE,TRUE,TRUE,TRUE,07/07/2021,ContextWeb; ContextAndroid; ChromeExt; ReversoWeb; Dictionary; SynonymsWeb; Conjugator; Documents; ReversoWin; GAS; Speller; Unknown,02/10/2026,07/07/2021,Ukraine,UA,,,Foreign Language Teacher,TRUE,Google,olgaburbonova,ContextWeb,Windows 10,,23/10/2026,,
dacc2414-c878-452f-a8c1-9ed7b425ed8a,marcellocrecco2@gmail.com,it,Italian,en,English,FALSE,TRUE,TRUE,TRUE,25/06/2021,ContextAndroid; ReversoWin; ContextWeb; GAS; ReversoWeb; Documents; Conjugator; Dictionary; Unknown,02/10/2026,30/09/2026,Italy,IT,1996,30,Foreign Language Teacher,FALSE,Reverso; Google,Marcello,ContextAndroid,Windows 10,,27/10/2026,,
258abd08-aa6c-45c9-8874-28d0afd9a0b8,lukazsena972@gmail.com,pt,Portuguese,en,English,FALSE,TRUE,TRUE,TRUE,24/06/2021,ContextAndroid; ContextWeb; ReversoWeb; Speller; GAS,01/10/2026,24/06/2021,Brazil,BR,,,Foreign Language Teacher,FALSE,Reverso; Google,lukazsena972,ContextAndroid,Android 10,,13/12/2026,,
8e4dc7f0-12d9-4755-a20b-6cd4fa6f1869,gda030669@gmail.com,it,Italian,it,Italian,FALSE,TRUE,TRUE,TRUE,08/06/2021,Documents; ContextiOS; GAS; ContextAndroid; ReversoWeb; ContextWeb; Unknown,01/10/2026,01/05/2023,Italy,IT,,,Foreign Language Teacher,TRUE,Reverso,gda030669,Documents,iOS,26/10/2026,13/06/2023,,
ac7b8179-696c-4745-bc12-e29af4d594d2,ulaozug@gmail.com,en,English,en,English,FALSE,TRUE,TRUE,TRUE,07/05/2021,ContextAndroid; ContextWeb; ReversoWeb,02/10/2026,07/05/2021,Ukraine,UA,,,Foreign Language Teacher,TRUE,Google,ulaozug,ContextAndroid,Android 16,,24/07/2027,,
b3fe7e56-021d-45da-8805-55c874eb2d78,laure.devron@gmail.com,fr,French,fr,French,FALSE,TRUE,TRUE,TRUE,28/04/2021,ContextiOS; GAS; Documents; Unknown,30/09/2026,28/01/2026,France,FR,,,Foreign Language Teacher,FALSE,Reverso; Facebook,lauredevron,ContextiOS,iOS,24/01/2027,,,
29c60ac0-2458-4caa-a5e6-43a4243fdb6e,24gyx492rv@privaterelay.appleid.com,fr,French,fr,French,FALSE,TRUE,TRUE,TRUE,03/04/2021,ContextiOS,02/10/2026,03/04/2021,Switzerland,CH,,,Foreign Language Teacher,TRUE,Apple,Tania200112,ContextiOS,iOS,10/10/2026,,,
92802150-df24-4820-8c9a-9789cfc469f8,didembuyukoglu@gmail.com,es,Spanish,es,Spanish,FALSE,TRUE,TRUE,TRUE,02/04/2021,ContextWeb; ContextiOS; ReversoWeb,02/10/2026,02/04/2021,Turkey,TR,,,Foreign Language Teacher,TRUE,Apple; Google,didembuyukoglu,ContextWeb,iOS,13/10/2026,,,
67385898-ec58-461c-867c-8b08547b5791,ploni@mail.com,en,English,en,English,FALSE,TRUE,TRUE,TRUE,22/03/2021,ContextAndroid; GAS; ReversoWeb; ContextWeb; Dictionary; Unknown,01/10/2026,23/09/2026,Israel,IL,,,Foreign Language Teacher,TRUE,Reverso,Ploni,ContextAndroid,Android 16,,03/07/2027,,
64148b9e-653e-4f53-a330-0d1c7a9eaec9,cmscura@gmail.com,en,English,en,English,FALSE,TRUE,TRUE,TRUE,12/03/2021,ReversoWeb; ContextiOS; Dictionary; Conjugator; ContextWeb; Documents; SynonymsWeb; Speller; GAS; ReversoWin; Unknown,01/10/2026,12/03/2021,USA,US,,,Foreign Language Teacher,TRUE,Reverso; Google,cmscura,ReversoWeb,iOS,,,02/06/2027,
99b0a9da-6dbf-4b96-b78d-17204a6a2820,awatif.zaidi@hotmail.com,fr,French,fr,French,FALSE,TRUE,TRUE,TRUE,01/03/2021,Documents; ContextiOS; ReversoMac; GAS; ReversoWeb,01/10/2026,13/01/2024,Belgium,BE,1979,47,Foreign Language Teacher,TRUE,Reverso; Apple,AwatifZ,Documents,iOS,,,13/01/2027,
1304a017-80da-4b1e-847c-8239fcec9e5d,n9smqmrye7@privaterelay.appleid.com,en,English,en,English,FALSE,TRUE,TRUE,TRUE,21/02/2021,ContextiOS; ReversoWin; ChromeExt; ContextWeb; Dictionary; GAS; ReversoWeb; Documents; SynonymsWeb; Conjugator; Vocabulary; Speller; ReversoMac; Unknown,20/09/2026,08/04/2026,Turkey,TR,1999,27,Foreign Language Teacher,FALSE,Apple; Google,magnesiumpowder,ContextiOS,Windows 10,04/10/2026,,,
4b7a10d4-32bf-49e0-bd20-6acf675054aa,carla.matassi@gmail.com,it,Italian,it,Italian,FALSE,TRUE,TRUE,TRUE,03/02/2021,ContextWeb; ContextiOS; GAS; Documents; Unknown,30/09/2026,17/03/2022,Italy,IT,,,Foreign Language Teacher,TRUE,Reverso; Google,carlamatassi,ContextWeb,iOS,12/10/2026,,,
3bdaf80f-16ce-4d0f-bcef-9ed69a5e8743,vivelafrance1407@aol.de,en,English,en,English,FALSE,TRUE,TRUE,TRUE,18/01/2021,ContextAndroid; ContextiOS; GAS; ContextWeb; Unknown,29/09/2026,18/05/2023,Germany,DE,,,Foreign Language Teacher,FALSE,Reverso; Google,vivelafrance1407,ContextAndroid,iOS,16/01/2027,18/01/2024,,
66de8837-1584-44f2-92a7-b2948abe0ef3,alessiatorrente@gmail.com,en,English,it,Italian,FALSE,TRUE,TRUE,TRUE,09/01/2021,ContextiOS; GAS; ReversoWebMobile; Unknown,02/10/2026,12/02/2023,Italy,IT,1970,56,Foreign Language Teacher,TRUE,Reverso; Google,alessiatorrente,ContextiOS,iOS,16/10/2026,,,
5cd56228-3d79-4bd0-a4b3-7ad73d40fbd2,chemabrasil@gmail.com,es,Spanish,es,Spanish,FALSE,TRUE,TRUE,TRUE,28/12/2020,ReversoWin; ContextAndroid; ReversoWeb; Vocabulary; ChromeExt; GAS; ContextWeb; ReversoMac; Documents; Conjugator; Dictionary; SynonymsWeb; Unknown,02/10/2026,28/12/2020,Brazil,BR,,,Foreign Language Teacher,TRUE,Google,chemabrasil,ReversoWin,Windows 10,,12/08/2027,,
02773ea7-7b12-4e87-9b2a-3c27c5c00dd4,graziacal@yahoo.it,it,Italian,it,Italian,FALSE,TRUE,TRUE,TRUE,22/12/2020,ReversoWin; ContextAndroid; Documents; GAS; ReversoWeb; ContextWeb; Speller; ReversoMac; Unknown,30/09/2026,09/09/2026,Italy,IT,,,Foreign Language Teacher,TRUE,Reverso; Google,graziacal,ReversoWin,Windows 10,,07/01/2026,06/01/2027,
425b0035-974a-48de-8dc2-d7824d81636c,arnabs.vb@gmail.com,en,English,en,English,FALSE,TRUE,TRUE,TRUE,19/12/2020,ContextAndroid; ContextWeb; ReversoWin; ReversoWeb; Documents; SynonymsAndroid; GAS; SynonymsWeb; Conjugator; Dictionary; Unknown,01/10/2026,06/03/2025,India,IN,1990,36,Foreign Language Teacher,TRUE,Facebook; Google,arnabsvb,ContextAndroid,Android 16,,30/01/2027,,
70e56451-2daa-4239-bdc6-ef575698bb5a,mamtassin@orange.fr,en,English,en,English,FALSE,TRUE,TRUE,TRUE,19/12/2020,ContextiOS; ReversoMac; Documents; GAS; ReversoWeb; ContextWeb; Unknown,01/10/2026,17/08/2026,France,FR,,,Foreign Language Teacher,FALSE,Reverso; Apple,mamtassin,ContextiOS,iOS,09/07/2025,,17/08/2027,
cbeaa2a9-2c65-4dd5-9f32-4d6b4e8559d3,9jct2dgj5y@privaterelay.appleid.com,en,English,en,English,FALSE,TRUE,TRUE,TRUE,16/12/2020,ContextiOS,27/09/2026,16/12/2020,Mexico,MX,,,Foreign Language Teacher,TRUE,Apple,9jct2dgj5y,ContextiOS,iOS,11/01/2027,,,
4e0f875e-f982-42a3-bd22-4c4517e4a6af,inmer.palma@hotmail.com,en,English,en,English,FALSE,TRUE,TRUE,TRUE,12/12/2020,ReversoWeb; ContextiOS,15/09/2026,12/12/2020,USA,US,,,Foreign Language Teacher,TRUE,Reverso,inmerpalma,ReversoWeb,iOS,14/02/2027,,,
86f2696a-2441-4d8c-b6f4-b15833b8c32c,tomi.cunningham@mail.ccsf.edu,en,English,en,English,FALSE,TRUE,TRUE,TRUE,29/11/2020,ContextWeb; ContextiOS; Dictionary; ReversoWeb; ChromeExt; SynonymsWeb; Speller; Documents; GAS; Conjugator; ReversoMac; Unknown,01/10/2026,17/11/2025,USA,US,,,Foreign Language Teacher,TRUE,Reverso; Apple; Google,TomiIT,ContextWeb,iOS,22/04/2025,,21/11/2026,
349abb44-ba4c-4ad3-987c-d6817c3fcee8,passanilydia@gmail.com,it,Italian,it,Italian,FALSE,TRUE,TRUE,TRUE,22/11/2020,ContextiOS; ContextWeb; Documents; GAS; Unknown,02/10/2026,22/11/2020,Italy,IT,,,Foreign Language Teacher,TRUE,Reverso; Google,passanilydia,ContextiOS,iOS,,,31/01/2027,
6e303089-dc6c-4a24-a123-acaa55342b64,qxxbxmyvex@privaterelay.appleid.com,en,English,en,English,FALSE,TRUE,TRUE,TRUE,18/11/2020,ContextiOS; ReversoWin,26/09/2026,18/11/2020,UK,GB,,,Foreign Language Teacher,TRUE,Apple,qxxbxmyvex,ContextiOS,iOS,02/10/2026,,,
b372adc4-b273-4a65-b5a8-059a4611eea5,jenrb123@gmail.com,en,English,en,English,FALSE,TRUE,TRUE,TRUE,12/11/2020,ContextiOS; ReversoWeb; Dictionary; Conjugator; ContextWeb; SynonymsWeb; ReversoMac; Documents; GAS; Unknown,19/09/2026,05/01/2021,Australia,AU,,,Foreign Language Teacher,FALSE,Reverso; Google,jenrb123,ContextiOS,iOS,12/11/2026,,10/06/2027,
56d125ee-0d5d-481e-ab7f-6e72aac78b59,lahernaa@hotmail.com,es,Spanish,es,Spanish,FALSE,TRUE,TRUE,TRUE,09/11/2020,ContextWeb; ContextiOS; SynonymsWeb; Dictionary; ReversoWebMobile; ReversoWeb; Speller; GAS; Documents; Unknown,01/10/2026,22/12/2020,Spain,ES,,,Foreign Language Teacher,FALSE,Reverso,lahernaa,ContextWeb,iOS,07/10/2026,,,
e78907fe-c756-4d80-a229-dea1c93fae76,alexandra.rakhman@gmail.com,ru,Russian,ru,Russian,FALSE,TRUE,TRUE,TRUE,09/11/2020,ContextWeb; ContextiOS; ReversoWeb; Dictionary; Conjugator; SynonymsWeb; Speller; GAS; Documents; ReversoMac; Unknown,01/10/2026,21/11/2021,Italy,IT,1965,61,Foreign Language Teacher,FALSE,Reverso; Google,alexandrarakhman,ContextWeb,iOS,20/04/2027,,,
80af8e3e-b815-4211-84b4-b64c93835a0b,marlondiazpino71@gmail.com,en,English,en,English,FALSE,TRUE,TRUE,TRUE,08/11/2020,ContextAndroid; ContextWeb; Dictionary; Documents; ReversoWeb; Conjugator; GAS; ReversoWin; ReversoMac; Speller,02/10/2026,17/08/2025,USA,US,1971,55,Foreign Language Teacher,TRUE,Reverso; Google,marlondiazpino71,ContextAndroid,Android 16,,20/03/2027,,
74b70dcf-ac32-4b59-bfcf-38fdd6c47419,sarahpokorny@hotmail.com,fr,French,fr,French,FALSE,TRUE,TRUE,TRUE,03/11/2020,ContextiOS; Dictionary; GAS; ReversoWeb; ContextWeb; Documents,29/09/2026,03/11/2020,France,FR,1976,50,Foreign Language Teacher,TRUE,Reverso,sarahpokorny,ContextiOS,iOS,04/04/2027,,,
e27ac0d9-b1af-44bc-91f5-1316ac0dd745,maxim.bykoianko@gmail.com,ru,Russian,en,English,FALSE,TRUE,TRUE,TRUE,03/11/2020,ContextAndroid; ContextWeb,17/09/2026,03/11/2020,Russian Federation,RU,,,Foreign Language Teacher,TRUE,Google,Merixion,ContextAndroid,Android 16,,19/04/2027,,
1083aa2d-e321-40ac-ab0b-e0f34477341e,vivianacali@tiscali.it,it,Italian,it,Italian,FALSE,TRUE,TRUE,TRUE,18/10/2020,ContextiOS; Documents; ContextWeb; Dictionary; ReversoWeb; Speller; GAS; ReversoWin; Unknown,01/10/2026,27/07/2023,Italy,IT,1977,49,Foreign Language Teacher,FALSE,Reverso,vivianacali,ContextiOS,iOS,12/09/2027,,,
328747c8-3931-47de-93b5-a5a7acb8e08a,jacqualinedanielle@gmail.com,en,English,en,English,FALSE,TRUE,TRUE,TRUE,15/10/2020,ContextAndroid; ContextWeb; ReversoWin; ChromeExt; Dictionary; ReversoWeb; Documents; GAS; Conjugator; Unknown,01/10/2026,04/03/2025,USA,US,,,Foreign Language Teacher,FALSE,Reverso; Google,jdbufford,ContextAndroid,Android 16,,26/10/2026,,
c1c03892-a25c-437e-8dfd-efb499ebc265,mmmartti@gmail.com,es,Spanish,es,Spanish,FALSE,TRUE,TRUE,TRUE,05/10/2020,ReversoWeb; ContextWeb; ContextiOS; ReversoMac; Dictionary; Conjugator; SynonymsWeb; Documents; ChromeExt; GAS; Speller; ReversoWin; Unknown,30/09/2026,05/06/2026,Italy,IT,1994,32,Foreign Language Teacher,FALSE,Reverso; Facebook,josocenmarti,ReversoWeb,Mac OS X 10.15.7,,,05/06/2027,
d3551560-ba8a-46f8-9492-2737f06f9df5,h.anthony@live.com,fr,French,fr,French,FALSE,TRUE,TRUE,TRUE,05/10/2020,ReversoWin; ContextAndroid; ContextWeb; Dictionary; Documents; GAS; ReversoWeb; SynonymsWeb; ReversoMac; Speller; Unknown,01/10/2026,05/10/2020,France,FR,,,Foreign Language Teacher,TRUE,Reverso; Google,Anthony-H7,ReversoWin,Windows 10,,25/11/2026,25/11/2026,
62f70f94-2383-4987-8daa-ab2f26a99b69,nancydriscoll7@gmail.com,en,English,en,English,FALSE,TRUE,TRUE,TRUE,26/09/2020,ContextiOS; ChromeExt; ReversoWeb; ContextWeb; Documents; GAS; Dictionary; Conjugator; SynonymsWeb; Speller; Unknown,16/09/2026,11/08/2026,Canada,CA,1970,56,Foreign Language Teacher,TRUE,Reverso; Apple; Google,nancydriscoll7,ContextiOS,Windows 10,12/07/2023,,18/08/2027,
c6feff6e-4f71-45b8-82b7-22e20c37f51c,badrhamed16@gmail.com,en,English,en,English,FALSE,TRUE,TRUE,TRUE,25/09/2020,ContextAndroid; ContextWeb; Documents; GAS,01/10/2026,25/09/2020,Egypt,EG,,,Foreign Language Teacher,FALSE,Reverso,badrhamed16,ContextAndroid,Android 12,,30/12/2026,,
4aff5575-c2f5-4048-b81e-9e03c6810c08,miguelleoncastro@gmail.com,de,German,de,German,FALSE,TRUE,TRUE,TRUE,27/08/2020,ContextiOS; SynonymsWeb; ContextWeb; ReversoMac; Conjugator; Dictionary; ReversoWeb; Documents; GAS; Unknown,28/09/2026,27/05/2021,Venezuela,VE,,,Foreign Language Teacher,TRUE,Reverso; Google,miguelleoncastro,ContextiOS,Mac OS X 10.15.7,11/09/2027,,11/09/2027,
3e81d57a-4d36-46bf-a4b9-95bac6a2f886,traveni02@gmail.com,en,English,ru,Russian,FALSE,TRUE,TRUE,TRUE,25/08/2020,ContextAndroid; ContextWeb; ChromeExt; SynonymsWeb; Dictionary; Conjugator; ReversoWeb; GAS; Documents; SynonymsAndroid; ReversoWin; Vocabulary; Speller; FirefoxExt; ReversoMac; Unknown,29/09/2026,26/08/2026,Ukraine,UA,,,Foreign Language Teacher,TRUE,Reverso; Google,traveni,ContextAndroid,Android 16,,26/11/2026,,
65c0e594-e511-422c-8c4a-e5ac174f7180,miriam.moves@gmail.com,de,German,de,German,FALSE,TRUE,TRUE,TRUE,23/08/2020,ContextiOS,30/09/2026,23/08/2020,Switzerland,CH,,,Foreign Language Teacher,TRUE,Google,miriammoves,ContextiOS,iOS,16/11/2026,,,
4fd663b0-860d-477f-8e6d-3f7b27c74af7,dvdhanks@gmail.com,pt,Portuguese,en,English,FALSE,TRUE,TRUE,TRUE,13/08/2020,ContextAndroid; ChromeExt; SynonymsWeb; Dictionary; ContextWeb; ReversoWeb; GAS; ReversoWin,30/09/2026,13/08/2020,Brazil,BR,,,Foreign Language Teacher,TRUE,Google,dvdhanks,ContextAndroid,Windows 10,,14/04/2027,,
5a6a5c15-38e4-483c-803e-12a96cb102ad,franziskakrenn@gmx.at,de,German,de,German,FALSE,TRUE,TRUE,TRUE,05/08/2020,ContextiOS; ReversoMac; FirefoxExt; ReversoWeb; ContextWeb; Dictionary; GAS; Conjugator; Documents,02/10/2026,05/08/2020,Austria,AT,,,Foreign Language Teacher,TRUE,Apple; Facebook,falansaii,ContextiOS,iOS,17/02/2027,,,
4f8c6641-8d7e-43ba-9e6e-4824a92db3a1,nadezhda.chistova@gmail.com,en,English,en,English,FALSE,TRUE,TRUE,TRUE,27/07/2020,ContextWeb; ContextAndroid; ReversoWeb; Dictionary; SynonymsWeb; Documents; Speller; Conjugator; GAS; Unknown,02/10/2026,17/10/2020,Netherlands,NL,1981,45,Foreign Language Teacher,TRUE,Reverso; Google,nadezhdachistova,ContextWeb,Mac OS X 10.15.7,,07/11/2026,,
e56ddfb9-b8ef-4f4f-9ed2-238949738264,jacek.erazmus@gmail.com,en,English,pl,Polish,FALSE,TRUE,TRUE,TRUE,26/07/2020,ContextWeb; ContextiOS; ReversoWeb; ChromeExt; Dictionary; ReversoWin; Documents; Speller; SynonymsWeb; GAS; Vocabulary; Conjugator; ContextAndroid; Unknown,01/10/2026,23/04/2025,Poland,PL,,,Foreign Language Teacher,TRUE,Google,jacekerazmus,ContextWeb,iOS,,,26/04/2027,
431c7b7a-0181-4478-b27a-14922245c761,ester.vasconcelos@gmail.com,pt,Portuguese,pt,Portuguese,FALSE,TRUE,FALSE,TRUE,23/07/2020,ContextAndroid; ContextWeb; Unknown,07/09/2026,23/07/2020,Brazil,BR,,,Foreign Language Teacher,FALSE,Reverso; Google,estervasconcelos,ContextAndroid,Android 16,,22/07/2027,,
0f5b3f63-374e-47cf-97c2-97c399677bc9,buioluce@yahoo.it,it,Italian,it,Italian,FALSE,TRUE,TRUE,TRUE,19/07/2020,ContextWeb; ContextAndroid; ReversoWeb; GAS; Documents,30/09/2026,19/07/2020,Italy,IT,1970,56,Foreign Language Teacher,TRUE,Reverso,buioluce,ContextWeb,Android 14,,13/09/2027,,
528b0567-3c7d-4c0f-8503-76248380ae29,vsteinik@aol.com,en,English,en,English,FALSE,TRUE,TRUE,TRUE,19/07/2020,ContextiOS; GAS,02/10/2026,19/07/2020,USA,US,,,Foreign Language Teacher,TRUE,Reverso,vik97,ContextiOS,iOS,25/10/2026,,,
c51b68bf-243a-4d88-8550-7b1fcdc2dcdb,susanjshean@gmail.com,en,English,it,Italian,FALSE,TRUE,TRUE,TRUE,15/07/2020,ContextWeb; ReversoMac; ContextiOS; Documents; ReversoWeb; Speller; GAS; Unknown,01/10/2026,18/10/2024,USA,US,1953,73,Foreign Language Teacher,FALSE,Reverso; Apple,SUSIEQ,ContextWeb,Mac OS X 10.15.7,09/01/2027,,,
f1552038-e664-4d5e-a4bf-9d08eab8c479,elisabethprager@gmx.net,de,German,de,German,FALSE,TRUE,TRUE,TRUE,11/06/2020,ContextAndroid; ContextWeb; GAS; Unknown,02/10/2026,21/01/2026,Austria,AT,,,Foreign Language Teacher,TRUE,Reverso; Facebook,ElisabethP54,ContextAndroid,Android 16,,20/10/2026,,
9b238cfb-c088-437c-8b27-27bb823b0ca6,straverso@gmail.com,en,English,en,English,FALSE,TRUE,TRUE,TRUE,10/06/2020,ReversoWeb; Documents; GAS; SynonymsWeb; ReversoMac; ContextWeb; ContextiOS; Dictionary; Speller; Unknown,28/09/2026,27/06/2025,USA,US,,,Foreign Language Teacher,TRUE,Reverso; Google,straverso,ReversoWeb,Mac OS X 10.15.7,,,03/07/2027,
435d725d-cc68-4847-9292-866365b53907,sokolinayulia@gmail.com,en,English,ru,Russian,FALSE,TRUE,TRUE,TRUE,17/05/2020,ContextAndroid; ContextWeb; Unknown,02/10/2026,28/05/2020,Russian Federation,RU,,,Foreign Language Teacher,FALSE,Reverso; Google,sokolinayulia,ContextAndroid,Android 16,,10/10/2026,,
5bb98df8-e661-42e1-a311-5263a39c94ca,urbanyogistar@gmail.com,fr,French,en,English,FALSE,TRUE,TRUE,TRUE,15/05/2020,ContextWeb; ContextAndroid; Conjugator; ReversoWeb; ReversoWin; Dictionary; Documents; Speller; SynonymsWeb; GAS; Unknown,02/10/2026,25/05/2024,India,IN,,,Foreign Language Teacher,TRUE,Reverso; Google,DhruvM1,ContextWeb,Android 16,,05/10/2026,,
6d407e18-cf25-43b1-9206-98378ba0b4d1,robertjhadman@me.com,en,English,en,English,FALSE,TRUE,TRUE,TRUE,14/05/2020,ContextiOS; GAS; Documents; ContextWeb; ReversoWeb; Unknown,01/10/2026,16/03/2025,UK,GB,,,Foreign Language Teacher,TRUE,Reverso; Apple; Google,robertjhadman,ContextiOS,iOS,09/05/2022,,16/05/2027,
b9949d5f-c5b0-4a67-a4a2-059e6962a52a,michaelamar72@yahoo.it,it,Italian,it,Italian,FALSE,TRUE,TRUE,TRUE,14/05/2020,ContextiOS,27/09/2026,14/05/2020,Italy,IT,,,Foreign Language Teacher,TRUE,Facebook,MichaelaM8,ContextiOS,iOS 26.6.2,14/03/2027,,,
95957881-cc1f-4897-9e00-ded1bed1cbea,rosdina1005@gmail.com,it,Italian,it,Italian,FALSE,TRUE,TRUE,TRUE,25/04/2020,ContextiOS; ReversoMac; ContextWeb; ReversoWeb; Documents; GAS; ChromeExt; Unknown,02/10/2026,14/01/2023,Italy,IT,,,Foreign Language Teacher,TRUE,Reverso; Google,RosalbaD25,ContextiOS,iOS,12/12/2026,,,
73b07ce8-75a1-4925-a8fb-582a6e141654,analaura61@gmail.com,es,Spanish,es,Spanish,FALSE,TRUE,TRUE,TRUE,21/04/2020,ContextiOS; ReversoWin,22/09/2026,21/04/2020,Argentina,AR,,,Foreign Language Teacher,TRUE,Google,Ana Laura A61,ContextiOS,iOS,09/10/2026,,,
2095bc1d-faab-437d-be5a-a11576a0abe4,bekind24ll@gmail.com,en,English,en,English,FALSE,TRUE,TRUE,TRUE,15/04/2020,ContextAndroid; ContextWeb; Dictionary; Documents; GAS; Unknown,01/10/2026,12/03/2025,UK,GB,,,Foreign Language Teacher,FALSE,Reverso; Google,EshanI,ContextAndroid,Android 15,,05/05/2027,,
c00ce674-d357-4e8e-b4d4-c67ffe86a218,parloconandrea@gmail.com,en,English,en,English,FALSE,TRUE,TRUE,TRUE,15/04/2020,ContextiOS; Documents; ReversoWeb; ContextWeb; Dictionary; SynonymsWeb; ReversoMac; Conjugator; SynonymsiOS; Speller; Unknown,01/10/2026,15/04/2020,Italy,IT,,,Foreign Language Teacher,FALSE,Reverso; Google,parloconandrea,ContextiOS,Other,15/04/2021,,14/01/2027,
e15dede3-8eea-488a-8a65-16439dfe55e8,elsvdsande@hotmail.com,es,Spanish,es,Spanish,FALSE,TRUE,TRUE,TRUE,14/04/2020,ContextWeb; ContextiOS; ContextAndroid; SynonymsAndroid; ReversoWeb; GAS,02/10/2026,28/04/2020,Netherlands,NL,1963,63,Foreign Language Teacher,FALSE,Reverso,elsvdsande,ContextWeb,iOS,22/05/2027,,,
e1b7495b-1a0f-45ec-ba9c-b0764350c6b3,bs.collins33@gmail.com,fr,French,fr,French,FALSE,TRUE,TRUE,TRUE,13/04/2020,ContextAndroid; ReversoWin; ChromeExt; GAS; Documents; ReversoWeb; Dictionary; ContextWeb; Conjugator; Vocabulary; Speller; SynonymsWeb; ReversoMac; Unknown,02/10/2026,30/09/2026,France,FR,1950,76,Foreign Language Teacher,TRUE,Reverso; Google,nerjine,ContextAndroid,Windows 10,,03/12/2026,03/12/2026,
9f640542-f557-4fa4-bffb-68e3f1b115da,czyrny.monika89@gmail.com,en,English,pl,Polish,FALSE,TRUE,TRUE,TRUE,11/03/2020,ContextiOS; Documents,01/10/2026,11/03/2020,Poland,PL,,,Foreign Language Teacher,TRUE,Google,MonikaC43,ContextiOS,iOS,,,10/06/2027,
39a4c1d9-205f-448c-84fe-e58138c2ee6d,marelli8a@gmail.com,it,Italian,fr,French,FALSE,TRUE,TRUE,TRUE,06/03/2020,ContextiOS; ContextAndroid; ReversoWin; ContextWeb; Conjugator; ReversoWeb; Documents; GAS; Dictionary; Unknown,01/10/2026,02/07/2024,Switzerland,CH,,,Foreign Language Teacher,FALSE,Reverso; Google,marelli8a,ContextiOS,Android 16,,22/11/2026,22/11/2026,
7fc7bbf5-3daa-45c0-a784-33806cd9978f,rosanna.concas.ro@gmail.com,it,Italian,it,Italian,FALSE,TRUE,TRUE,TRUE,10/02/2020,ContextAndroid; ContextWeb,26/09/2026,10/02/2020,Italy,IT,,,Foreign Language Teacher,TRUE,Google,RosannaC40,ContextAndroid,Android 10,,14/09/2027,,
c81e00c7-28ed-43be-920d-0abd9baba6bf,josepastman@gmail.com,es,Spanish,en,English,FALSE,TRUE,TRUE,TRUE,27/01/2020,ContextAndroid; ContextWeb; GAS; Unknown,29/09/2026,17/06/2021,Spain,ES,1950,76,Foreign Language Teacher,TRUE,Reverso; Google,JoseP193,ContextAndroid,Android 16,,11/06/2027,,
a34a59e1-62b0-41e4-9d7e-999b3e3bdc07,germinal77@gmail.com,es,Spanish,es,Spanish,FALSE,TRUE,TRUE,TRUE,21/01/2020,ContextAndroid; ContextWeb; ReversoWeb; GAS; Dictionary; SynonymsWeb; ReversoMac; ReversoWin; Conjugator; Speller; Unknown,02/10/2026,25/08/2026,Mexico,MX,,,Foreign Language Teacher,TRUE,Google,Germinal77,ContextAndroid,Android 17,,31/12/2026,,
3f9f830a-5f6b-461c-b329-6267cd66c578,giorgianastn@yahoo.co.uk,en,English,ro,Romanian,FALSE,TRUE,TRUE,TRUE,17/01/2020,ContextWeb; ContextAndroid; ReversoMac; Documents; ReversoWin; ReversoWeb; Dictionary; Unknown,02/10/2026,17/01/2020,Romania,RO,,,Foreign Language Teacher,TRUE,Facebook,GiorgianaS,ContextWeb,Android 13,,21/10/2026,,
1ae495f4-e28f-4dc1-9992-d19048e96fdb,minini.genovesi@gmail.com,it,Italian,it,Italian,FALSE,TRUE,TRUE,TRUE,13/01/2020,ContextAndroid; ReversoWin; ContextWeb; Unknown,29/09/2026,18/06/2020,Netherlands,NL,,,Foreign Language Teacher,TRUE,Google,MininiG,ContextAndroid,Android 16,,31/03/2027,,
985ffb88-2454-4110-8a4b-3a61fd34f85a,romiabr086@gmail.com,es,Spanish,es,Spanish,FALSE,TRUE,TRUE,TRUE,03/01/2020,ContextWeb; ReversoWeb; ContextAndroid; ReversoMac; ReversoWin; SynonymsWeb; Documents; Dictionary; ChromeExt; GAS; Unknown,30/09/2026,03/01/2020,Argentina,AR,,,Foreign Language Teacher,TRUE,Google,RominaA17,ContextWeb,Windows 10,,02/02/2027,01/02/2027,
f4a8441e-7f71-435a-8c74-c0f88d2a5a5d,chrisj.obrien@virgin.net,en,English,en,English,FALSE,TRUE,TRUE,TRUE,10/12/2019,ContextiOS; ContextWeb; GAS,02/10/2026,17/05/2020,UK,GB,,,Foreign Language Teacher,TRUE,Reverso; Apple,chrisjobrien,ContextiOS,iOS,17/09/2027,,,
aa73f7c6-5906-4c32-9ac2-d07ddcc942a7,antonio.giglio@fastwebnet.it,it,Italian,it,Italian,FALSE,TRUE,TRUE,TRUE,06/12/2019,ContextiOS; ReversoWeb; GAS,27/09/2026,15/05/2020,Italy,IT,1959,67,Foreign Language Teacher,FALSE,Reverso; Facebook; Google,antoniogiglio,ContextiOS,iOS,21/10/2026,,,
e207287c-f983-423c-a6d0-932391a89b67,camy_parvan@yahoo.com,en,English,ro,Romanian,FALSE,TRUE,TRUE,TRUE,01/12/2019,ContextWeb; ContextiOS,29/09/2026,01/12/2019,Romania,RO,,,Foreign Language Teacher,FALSE,Reverso; Apple,camyparvan,ContextWeb,iOS,16/09/2027,,,
e1139871-5d1b-4b1c-9de3-088e30637aac,fannygathy@hotmail.com,fr,French,fr,French,FALSE,TRUE,TRUE,TRUE,26/11/2019,ContextAndroid; Dictionary; ContextWeb; ReversoWeb; Documents; Conjugator; SynonymsWeb; Speller; Unknown,02/10/2026,26/11/2019,Belgium,BE,,,Foreign Language Teacher,FALSE,Reverso; Facebook,fannygathy,ContextAndroid,Android 16,,22/10/2026,,
1a4af87a-f6a9-4951-932e-e8ed9012bff3,i.maelfait@gmail.com,en,English,nl,Dutch,FALSE,TRUE,TRUE,TRUE,05/11/2019,ContextWeb; ContextiOS; ReversoMac; ChromeExt; Dictionary; SynonymsWeb; ReversoWeb; Speller; Documents; Unknown,01/10/2026,22/04/2020,Belgium,BE,,,Foreign Language Teacher,TRUE,Facebook; Google,InesM93,ContextWeb,iOS,26/12/2026,,,
8f9ca3c4-9801-4960-a1ec-6a919509fe79,ioana.marian87@yahoo.com,fr,French,ro,Romanian,FALSE,TRUE,TRUE,TRUE,31/10/2019,ContextAndroid; ContextWeb; Documents; GAS; ReversoWeb; Speller; ReversoWebMobile; Dictionary; Unknown,01/10/2026,06/04/2022,Romania,RO,,,Foreign Language Teacher,FALSE,Reverso,ioanamarian87,ContextAndroid,Android 10,,07/10/2026,,
abea3356-513c-4058-8a89-22eebf592c43,couturereal422@gmail.com,fr,French,fr,French,FALSE,TRUE,TRUE,TRUE,28/10/2019,ContextWeb; ContextAndroid; Conjugator; Dictionary; ReversoWeb; GAS; Documents; SynonymsWeb; Vocabulary; Unknown,02/10/2026,25/07/2023,Canada,CA,,,Foreign Language Teacher,TRUE,Reverso; Google,RéalC1,ContextWeb,Android 17,,30/01/2027,,
ee482954-20a1-456e-85fe-17c17a7c3504,a.f.holzer@gmail.com,de,German,de,German,FALSE,TRUE,TRUE,TRUE,19/10/2019,ContextiOS; ContextAndroid; ContextWeb,02/10/2026,02/12/2019,Austria,AT,,,Foreign Language Teacher,FALSE,Reverso; Google,afholzer,ContextiOS,Android 16,,24/07/2027,,
e034cb69-4496-4d2c-8ccd-11461372c286,anuta.saraeva02@gmail.com,ru,Russian,ru,Russian,FALSE,TRUE,TRUE,TRUE,30/09/2019,ContextAndroid; ContextiOS; ContextWeb; ReversoWeb; Dictionary; ReversoMac; SynonymsWeb; Vocabulary; Conjugator; Documents; ReversoWin; GAS; Unknown,02/10/2026,07/03/2023,Ukraine,UA,,,Foreign Language Teacher,TRUE,Apple; Facebook; Google,АннаС286,ContextAndroid,iOS,17/02/2027,,,
745bcfa0-25f9-419d-83b3-cd71de48fb37,ms.annemarie.doran@gmail.com,en,English,en,English,FALSE,TRUE,TRUE,TRUE,27/09/2019,ContextWeb; ReversoWeb; ContextiOS; Conjugator; Documents; Dictionary; Speller; ReversoWin; SynonymsWeb; GAS; ReversoWebMobile; Unknown,02/10/2026,29/09/2019,UK,GB,,,Foreign Language Teacher,FALSE,Reverso; Facebook; Google,AnnemarieD4,ContextWeb,Windows 10,28/01/2027,,,
8ebde0ab-8d2a-4d0e-96e8-c1906af5aa03,charlychinasky2305@gmail.com,ru,Russian,ru,Russian,FALSE,TRUE,TRUE,TRUE,26/09/2019,ContextiOS; ContextWeb; ReversoWeb; ChromeExt; SynonymsWeb; Dictionary; GAS; Documents,01/10/2026,24/07/2026,Russian Federation,RU,2001,25,Foreign Language Teacher,FALSE,Google,Sarkitty,ContextiOS,Windows 10,02/02/2027,,,
2fafc412-9261-4175-b263-a14bdffef320,yomarakrepostman@gmail.com,es,Spanish,es,Spanish,FALSE,TRUE,TRUE,TRUE,14/09/2019,ContextiOS; ReversoMac; ChromeExt; Dictionary; GAS; ContextWeb; ReversoWeb; Documents; Unknown,30/09/2026,19/02/2025,Israel,IL,,,Foreign Language Teacher,FALSE,Google,YomaraK1,ContextiOS,Mac OS X 10.15.7,10/02/2020,,20/05/2027,
912f5b47-59dd-4e74-845c-15a65e553a41,kimberley.vanwallegham@k12.kpdsb.ca,en,English,en,English,FALSE,TRUE,TRUE,TRUE,08/09/2019,ContextAndroid; ContextWeb; GAS; ReversoWin; ReversoWeb; Documents,01/10/2026,08/09/2019,Canada,CA,,,Foreign Language Teacher,TRUE,Reverso; Google,KimberleyV69,ContextAndroid,Android 16,,05/01/2027,,
8e0a3cbc-118c-4a4b-bfa1-6778a6316fd2,annagyori@gmail.com,es,Spanish,en,English,FALSE,TRUE,TRUE,TRUE,31/08/2019,ContextAndroid; ContextWeb; GAS; Unknown,30/09/2026,27/05/2020,Israel,IL,1945,81,Foreign Language Teacher,TRUE,Reverso; Facebook; Google,GP13,ContextAndroid,Android 14,,24/07/2027,,
93018b0f-c490-474a-841e-6588041a7eb6,luyba10038@gmail.com,ru,Russian,ru,Russian,FALSE,TRUE,TRUE,TRUE,26/08/2019,ContextAndroid; ContextWeb,01/10/2026,26/08/2019,Ukraine,UA,,,Foreign Language Teacher,TRUE,Google,LiubaS6,ContextAndroid,Android 14,,20/08/2027,,
7ea2cb9d-aca9-4998-b590-00ae3d7ad43f,jeffreyosborne@rogers.com,en,English,en,English,FALSE,TRUE,TRUE,TRUE,22/08/2019,ContextAndroid; ContextWeb; ReversoWin; ReversoWeb; SynonymsWeb; Dictionary; GAS; Unknown,30/09/2026,19/09/2019,Canada,CA,1957,69,Foreign Language Teacher,FALSE,Reverso,jeffreyosborne,ContextAndroid,Android 16,,29/09/2027,,
6ce311cd-bbf1-4429-8277-c371a25b197f,h0tp4nts@gmail.com,en,English,nl,Dutch,FALSE,TRUE,TRUE,TRUE,11/08/2019,ContextAndroid; ContextWeb,26/09/2026,26/05/2020,Netherlands,NL,,,Foreign Language Teacher,TRUE,Google,Jo met de Banjo,ContextAndroid,Android 16,,31/10/2026,,
c5cd14ba-5f3d-4459-8257-531b9103851d,a_traver@yahoo.com,en,English,en,English,FALSE,TRUE,TRUE,TRUE,11/08/2019,ContextiOS; ContextWeb; ReversoWeb; GAS; Dictionary; Unknown,02/10/2026,24/04/2025,USA,US,,,Foreign Language Teacher,TRUE,Reverso; Facebook,AnnaMarieT,ContextiOS,iOS,14/06/2027,,,
990f8d14-682f-4dac-b54f-4ff0ab08422e,mailanalessa@gmail.com,en,English,pt,Portuguese,FALSE,TRUE,TRUE,TRUE,10/08/2019,ContextAndroid; ContextWeb; ContextiOS; ChromeExt; GAS; ReversoMac; ReversoWeb; Documents,02/10/2026,01/03/2021,Italy,IT,1994,32,Foreign Language Teacher,FALSE,Google,Mailana,ContextAndroid,Android 16,,07/06/2027,,
c46a8e65-cf02-499e-95e4-6ad6fe161315,sibellesousa@gmail.com,pt,Portuguese,pt,Portuguese,FALSE,TRUE,TRUE,TRUE,07/08/2019,ContextAndroid; ContextWeb; ChromeExt; Conjugator; SynonymsWeb; Dictionary; ReversoWeb; Documents; GAS; ReversoWin; Speller; ReversoMac; Unknown,01/10/2026,11/08/2026,Brazil,BR,1976,50,Foreign Language Teacher,TRUE,Reverso; Google,SibelleS1,ContextAndroid,Windows 10,,16/08/2027,14/08/2027,
22550c78-14a6-47bc-bffd-a5fb4a9f1fe1,mauropostuma@gmail.com,it,Italian,it,Italian,FALSE,TRUE,TRUE,TRUE,30/07/2019,ContextAndroid; ReversoWin; ReversoWeb; ChromeExt; Dictionary; ContextWeb; Documents; SynonymsWeb; Conjugator; GAS; Unknown,02/10/2026,05/05/2020,Italy,IT,,,Foreign Language Teacher,TRUE,Google,Mauro Postuma,ContextAndroid,Windows 10,,27/11/2025,25/11/2026,
17b59ce3-8820-49d6-92c3-e901a512d360,dcelis2112@gmail.com,fr,French,fr,French,FALSE,TRUE,TRUE,TRUE,19/07/2019,ChromeExt; ContextiOS; ReversoWin; Dictionary; GAS; ReversoWeb; Conjugator; SynonymsWeb; Documents; SynonymsiOS; ContextWeb; Speller; ContextAndroid; Unknown,01/10/2026,14/08/2026,Canada,CA,2001,25,Foreign Language Teacher,TRUE,Reverso; Google,DayannaC1,ChromeExt,iOS,15/06/2027,,,
f9e562a7-55d1-43e0-9906-96154f7ddfd0,andrea.lupini@gmail.com,en,English,en,English,FALSE,TRUE,TRUE,TRUE,15/07/2019,ContextiOS; ReversoWeb; Speller; ContextWeb; Dictionary; GAS; Unknown,29/09/2026,15/05/2021,Canada,CA,,,Foreign Language Teacher,TRUE,Reverso; Apple; Google,ALupini,ContextiOS,iOS,22/10/2026,,,
015d09d7-e460-4045-8364-defd4aceb260,varduhipapazyan17@gmail.com,en,English,ru,Russian,FALSE,TRUE,TRUE,TRUE,13/06/2019,ContextAndroid; Documents; ContextWeb; ChromeExt; ReversoWeb; SynonymsWeb; GAS; ReversoWin; Speller; Dictionary; Unknown,23/09/2026,12/01/2025,Armenia,AM,1990,36,Foreign Language Teacher,TRUE,Google,VarduhiP,ContextAndroid,Android 16,,05/01/2027,05/01/2027,
cfe5ae9b-3029-4f85-b302-81398d94c793,hailedit@yahoo.it,it,Italian,it,Italian,FALSE,TRUE,TRUE,TRUE,10/06/2019,ContextiOS,02/10/2026,10/06/2019,Italy,IT,,,Foreign Language Teacher,FALSE,Reverso,hailedit,ContextiOS,iOS,05/06/2027,,,
2eec2592-e887-43f2-a763-af927670c7a2,Ronitreggev@gmail.com,en,English,en,English,FALSE,TRUE,TRUE,TRUE,29/05/2019,ContextiOS; GAS; Unknown,02/10/2026,10/05/2021,USA,US,,,Foreign Language Teacher,TRUE,Reverso; Facebook; Google,Ronitreggev,ContextiOS,iOS,19/10/2026,,,
530881e2-63d5-488c-b737-f13f5bc11e56,vyoletta76@gmail.com,it,Italian,it,Italian,FALSE,TRUE,TRUE,TRUE,28/05/2019,ContextWeb; ContextAndroid; ContextiOS; ReversoWeb; SynonymsWeb; Vocabulary; Dictionary; ReversoWin; GAS; Documents; Unknown,02/10/2026,22/03/2023,Italy,IT,1976,50,Foreign Language Teacher,TRUE,Reverso; Google,SaraGiudittaB,ContextWeb,Android 16,,30/05/2027,,
e14584f9-cd8c-4660-bdde-e36774819828,teresa.canduci@education.nsw.gov.au,en,English,en,English,FALSE,TRUE,TRUE,TRUE,30/04/2019,ContextWeb; ReversoWeb; Documents; ReversoWin; ContextiOS; ChromeExt; GAS; Speller; Unknown,22/09/2026,19/11/2025,Australia,AU,,,Foreign Language Teacher,TRUE,Google,TeresaC79,ContextWeb,Windows 10,,,07/06/2027,
1343df34-f46c-484e-88ad-e4507b3bcd7c,barry.b1@ntlworld.com,en,English,en,English,FALSE,TRUE,TRUE,TRUE,25/04/2019,ContextWeb; ContextiOS; Dictionary; SynonymsWeb; ReversoWeb; ChromeExt; Speller; Conjugator; ReversoMac; Documents; GAS; ReversoWin; Unknown,01/10/2026,10/12/2021,UK,GB,1957,69,Foreign Language Teacher,FALSE,Reverso,barryb57,ContextWeb,iOS,26/10/2026,,,
550ebfc2-18c9-4d02-b4fa-b7c08296ec4f,dorozhkova@gmail.com,fr,French,fr,French,FALSE,TRUE,TRUE,TRUE,15/04/2019,ContextWeb; ContextiOS; SynonymsWeb; Dictionary; GAS; ReversoWeb; Conjugator; Unknown,01/10/2026,30/12/2024,France,FR,,,Foreign Language Teacher,TRUE,Reverso; Facebook; Google,DaryaD27,ContextWeb,iOS,09/10/2026,,,
5f37abbe-a79f-42ca-baa0-89024589a55d,larpigm129@gmail.com,es,Spanish,es,Spanish,FALSE,TRUE,TRUE,TRUE,07/04/2019,ContextAndroid; ContextWeb; Documents; GAS; Unknown,02/10/2026,07/04/2019,Spain,ES,,,Foreign Language Teacher,TRUE,Reverso; Google,María del PilarG1,ContextAndroid,Android 10,,20/07/2027,,
a505800c-9612-48b3-b481-7db7bc7034b6,Svc1113@gmail.com,en,English,en,English,FALSE,TRUE,TRUE,TRUE,06/04/2019,ContextiOS; GAS; Unknown,25/09/2026,07/04/2019,USA,US,,,Foreign Language Teacher,FALSE,Reverso,Svc1113,ContextiOS,iOS,13/06/2027,,,
e9d8630b-1d6b-43ad-bc27-bf2e44375e8a,barbarapeppe7781@gmail.com,it,Italian,it,Italian,FALSE,TRUE,TRUE,TRUE,06/04/2019,ContextiOS; ReversoMac; ReversoWeb; ReversoWin; ContextAndroid; ContextWeb; Documents; GAS; Unknown,02/10/2026,25/07/2023,Italy,IT,1977,49,Foreign Language Teacher,TRUE,Reverso; Apple; Google,Barbara7781,ContextiOS,iOS,,,26/11/2026,
deb23339-a159-4fde-93bd-e421c1a9b6a1,munhozcarmem@gmail.com,it,Italian,it,Italian,FALSE,TRUE,TRUE,TRUE,05/04/2019,ContextiOS; ChromeExt; ContextWeb; ReversoWeb; ReversoWin; Conjugator; Dictionary; GAS; SynonymsWeb; Documents; SynonymsiOS; Speller; Unknown,29/09/2026,16/10/2024,Brazil,BR,1981,45,Foreign Language Teacher,TRUE,Google,CarmemM2,ContextiOS,iOS,06/10/2026,,,
c5bcc189-5517-41b2-85e8-2cd7f9163736,boguslad_kiev@yahoo.com,ru,Russian,ru,Russian,FALSE,TRUE,TRUE,TRUE,20/03/2019,ContextAndroid; ReversoMac; ChromeExt; ContextWeb; ReversoWeb; Documents; Dictionary; GAS; Unknown,02/10/2026,15/08/2019,Ukraine,UA,,,Foreign Language Teacher,TRUE,Reverso; Facebook,AdelinaB20,ContextAndroid,Mac OS X 10.15.7,,01/03/2027,01/03/2027,
df231edf-445f-4ef4-bc3f-4cdfe0a25b5b,ibelokurova@gmail.com,ru,Russian,ru,Russian,FALSE,TRUE,TRUE,TRUE,18/03/2019,ContextWeb; ContextAndroid; ReversoWin; ReversoWeb; GAS; Documents; SynonymsWeb; ReversoMac; Dictionary; Speller,01/10/2026,01/03/2026,Estonia,EE,1975,51,Foreign Language Teacher,TRUE,Facebook; Google,IrinaB179,ContextWeb,Android 16,,09/01/2027,,
2da64e88-fd91-4860-8cf7-c1a0cbf58a1d,letzguy@pt.lu,fr,French,fr,French,FALSE,TRUE,TRUE,TRUE,04/03/2019,ReversoWeb; Speller; GAS; Documents; ContextWeb; SynonymsWeb; Unknown,02/10/2026,12/07/2026,Luxembourg,LU,1962,64,Foreign Language Teacher,FALSE,Reverso,letzguy,ReversoWeb,Mac OS X 10.15.7,,,11/10/2026,
eaea207d-fe27-4f20-9d48-43093343d310,veronique.grainger@orange.fr,fr,French,fr,French,FALSE,TRUE,TRUE,TRUE,17/02/2019,ContextiOS; GAS; Documents; Unknown,30/09/2026,16/01/2025,France,FR,,,Foreign Language Teacher,TRUE,Reverso,veroniquegrainger,ContextiOS,iOS,24/09/2027,,,
93bc239f-12c5-4a9d-affb-c9708a2b5a71,sidnydean@gmail.com,en,English,he,Hebrew,FALSE,TRUE,TRUE,TRUE,14/02/2019,ContextAndroid; ContextWeb; Unknown,01/10/2026,02/06/2020,Israel,IL,,,Foreign Language Teacher,FALSE,Reverso; Facebook; Google,sidnydean,ContextAndroid,Android 15,,11/04/2027,,
5ed2d4cd-1055-4c73-8591-ea9df981a7e4,albertennancy@gmail.com,en,English,en,English,FALSE,TRUE,TRUE,TRUE,01/02/2019,ContextiOS; ContextWeb; SynonymsWeb; ReversoWeb; Documents; Conjugator; GAS; Dictionary; Unknown,02/10/2026,14/05/2024,Netherlands,NL,,,Foreign Language Teacher,FALSE,Reverso; Apple; Google,albertennancy,ContextiOS,iOS,29/01/2027,,,
e4c4a613-bf02-4f7e-ad05-8925bc11fae1,janinegr@yahoo.com,fr,French,en,English,FALSE,TRUE,TRUE,TRUE,31/01/2019,ContextAndroid; ContextWeb; GAS; Unknown,02/10/2026,03/05/2020,France,FR,1970,56,Foreign Language Teacher,TRUE,Reverso; Google,janinegr,ContextAndroid,Android 15,,21/09/2027,,
ffd32dc8-2907-4f23-bbcd-ed8eef13ad11,peter.sunnarborg@alschools.org,en,English,en,English,FALSE,TRUE,TRUE,TRUE,26/01/2019,ContextWeb; ReversoMac; ContextiOS; ReversoWeb; Documents; Dictionary; GAS; Unknown,02/10/2026,14/04/2020,USA,US,1975,51,Foreign Language Teacher,TRUE,Google,PeterS110,ContextWeb,Mac OS X 10.15.7,,,28/01/2027,
271a8966-7517-4518-acdb-594345e25acb,maronfaulkner@yahoo.com,en,English,en,English,FALSE,TRUE,TRUE,TRUE,23/01/2019,ContextiOS; GAS; Unknown,15/09/2026,23/01/2019,USA,US,,,Foreign Language Teacher,TRUE,Reverso,maronfaulkner,ContextiOS,iOS,15/10/2026,,,
9142a5f9-1db0-43a2-895f-9196fa6a1f22,caroline.dupressoir@icloud.com,fr,French,fr,French,FALSE,TRUE,TRUE,TRUE,14/01/2019,ContextWeb; ReversoMac; ReversoWeb; GAS; ContextiOS; Documents; Dictionary; SynonymsWeb; Speller; Conjugator; Unknown,02/10/2026,04/02/2026,France,FR,,,Foreign Language Teacher,TRUE,Reverso; Apple; Google,carolinedupressoir,ContextWeb,Mac OS X 10.15.7,,,03/11/2026,
c8c2b692-ed72-4638-9b9f-6ee53e5b2729,faultlessj@yahoo.co.uk,en,English,en,English,FALSE,TRUE,TRUE,TRUE,11/01/2019,ContextWeb; ReversoMac; ContextiOS; Documents; ReversoWeb; Dictionary; GAS; Unknown,21/09/2026,11/01/2019,UK,GB,,,Foreign Language Teacher,TRUE,Reverso,faultlessj,ContextWeb,Mac OS X 10.15.7,,,20/09/2027,
e1292092-e755-4e9b-9fe6-e819a3a29339,o.radecker@gmail.com,en,English,nl,Dutch,FALSE,TRUE,TRUE,TRUE,11/01/2019,ContextWeb; ContextiOS; GAS; Unknown,25/09/2026,27/04/2020,Netherlands,NL,,,Foreign Language Teacher,FALSE,Reverso; Google,oradecker,ContextWeb,iOS,04/04/2027,,,
fe7c3c35-1346-4546-8516-615e8e27d914,staniscuaski@gmail.com,en,English,pt,Portuguese,FALSE,TRUE,TRUE,TRUE,20/12/2018,ContextWeb; ContextAndroid; Documents; ReversoWeb; GAS; Dictionary; Unknown,29/09/2026,07/12/2025,Brazil,BR,,,Foreign Language Teacher,FALSE,Reverso; Google,staniscuaski,ContextWeb,Android 16,,11/04/2027,,
bfcd9b18-07c7-4675-a6fc-0a1671d9438e,tdeich@gmail.com,en,English,ru,Russian,FALSE,TRUE,TRUE,TRUE,18/12/2018,ContextiOS; ReversoWin; ContextWeb; Documents; Dictionary; GAS; ReversoMac; ReversoWeb; SynonymsWeb; Conjugator; Speller; Unknown,02/10/2026,15/11/2025,Ukraine,UA,,,Foreign Language Teacher,TRUE,Reverso; Google,tdeich,ContextiOS,iOS,,,22/11/2026,
e3a89994-61c9-4029-8a8e-98cb560f9345,jg.balmer@orange.fr,en,English,en,English,FALSE,TRUE,TRUE,TRUE,02/12/2018,ContextWeb; ContextiOS; ReversoWeb; GAS; Dictionary,02/10/2026,16/12/2018,France,FR,1948,78,Foreign Language Teacher,TRUE,Google,Jgbalmer,ContextWeb,iOS,06/01/2027,,,
bb42eb50-9398-4c7b-a85d-1b13aa3ece24,sarahtresfort@gmail.com,en,English,en,English,FALSE,TRUE,TRUE,TRUE,30/11/2018,ContextiOS; ReversoWin; ReversoWeb; Documents; Conjugator; Dictionary; ContextWeb,02/10/2026,30/11/2018,USA,US,,,Foreign Language Teacher,TRUE,Apple; Google,SarahPT,ContextiOS,iOS,02/01/2027,,,
a6535243-238e-44ba-a3df-4abb5ee522be,garrochena@gmail.com,es,Spanish,es,Spanish,FALSE,TRUE,TRUE,TRUE,20/11/2018,ContextiOS; ReversoMac; SynonymsiOS; ReversoWeb; ContextWeb; Speller; TranslatoriOS; GAS; Dictionary,16/09/2026,21/11/2019,Spain,ES,1968,58,Foreign Language Teacher,TRUE,Reverso,garrochena,ContextiOS,Mac OS X 10.15.7,20/11/2026,,,
ff8b741e-a3e0-4afb-8eea-b7ad86e78dfc,charlescolman@gmail.com,es,Spanish,en,English,FALSE,TRUE,TRUE,TRUE,19/11/2018,ContextAndroid; ReversoWeb; ContextWeb; ReversoWin; ChromeExt; Dictionary; Documents; ReversoMac; Vocabulary; GAS; Speller; SynonymsWeb; Conjugator,27/09/2026,11/06/2024,USA,US,,,Foreign Language Teacher,FALSE,Reverso; Google,sehstutoring,ContextAndroid,Mac OS X 10.15.7,,05/06/2027,04/06/2027,
e1b54780-711e-46ec-ad32-b927978fccab,ajmoyer25@gmail.com,en,English,en,English,FALSE,TRUE,TRUE,TRUE,02/11/2018,ChromeExt; ContextiOS; ReversoMac; ContextWeb; ReversoWeb; Dictionary; Documents; GAS; Conjugator; Speller; ReversoWin; SynonymsWeb; ContextAndroid; Unknown,01/10/2026,17/08/2025,USA,US,,,Foreign Language Teacher,TRUE,Reverso; Google,ajmoyer,ChromeExt,iOS,24/07/2027,,,
9923be5d-18ce-4652-b49a-d0a011e7e05d,mariarrodriguez27@gmail.com,fr,French,fr,French,FALSE,TRUE,TRUE,TRUE,09/10/2018,ContextWeb; ContextAndroid; Dictionary; ReversoWeb,30/09/2026,25/09/2019,France,FR,,,Foreign Language Teacher,TRUE,Google,MariaL266,ContextWeb,Android 16,,20/09/2027,,
b4bca393-a1b8-4b81-b3a8-b63cb4a6a2d2,bilan.77@ukr.net,en,English,en,English,FALSE,TRUE,TRUE,TRUE,03/10/2018,ContextAndroid; ContextiOS; Dictionary; ContextWeb; ReversoWeb; Conjugator; SynonymsWeb; Speller; Documents; GAS; Unknown,02/10/2026,23/02/2020,Ukraine,UA,,,Foreign Language Teacher,FALSE,Reverso,bilan77,ContextAndroid,iOS,29/10/2026,,,
ccf073b1-1bb9-4182-ab3d-c0a2a9fce14d,bluginz@tiscali.it,it,Italian,it,Italian,FALSE,TRUE,TRUE,TRUE,02/10/2018,ContextiOS; Documents; ContextWeb; ReversoWeb; Vocabulary; GAS; Dictionary; Unknown,29/09/2026,07/05/2020,Italy,IT,1965,61,Foreign Language Teacher,FALSE,Reverso; Facebook,bluginz,ContextiOS,iOS,05/10/2026,,,
e5771458-4074-4b04-bb81-16c6fd541734,mariathereza87@hotmail.com,en,English,pt,Portuguese,FALSE,TRUE,TRUE,TRUE,13/09/2018,ContextWeb; ContextiOS; GAS; ReversoWeb; Documents; Unknown,27/09/2026,06/09/2026,Brazil,BR,1967,59,Foreign Language Teacher,TRUE,Reverso,mariathereza87,ContextWeb,iOS,26/06/2027,,,
0669e871-9d2a-443c-a141-f186f7345a77,nsteinzeig@gmail.com,en,English,en,English,FALSE,TRUE,TRUE,TRUE,01/09/2018,ContextWeb; ContextiOS; ReversoWeb; ChromeExt; Speller; Documents; Dictionary; GAS; ReversoMac; SynonymsWeb; Unknown,23/09/2026,04/06/2025,Israel,IL,1958,68,Foreign Language Teacher,TRUE,Reverso; Facebook; Google,НатальяС79,ContextWeb,iOS,11/10/2026,,,
3a1b2969-afff-4645-b8d9-aa9fe6bfe5e0,la.napoli1@gmail.com,it,Italian,de,German,FALSE,TRUE,TRUE,TRUE,25/08/2018,ContextiOS; Documents; GAS; ContextWeb; Unknown,02/10/2026,13/03/2026,Switzerland,CH,,,Foreign Language Teacher,TRUE,Reverso; Apple; Google,LauraN96,ContextiOS,iOS,24/12/2023,,14/09/2027,
a0ef95d8-e335-4b24-ba15-8d023b241aa6,jessica@robjessica.com,en,English,en,English,FALSE,TRUE,TRUE,TRUE,17/08/2018,ContextiOS; ReversoMac; GAS; ReversoWeb; Documents; ContextWeb; Unknown,01/10/2026,06/04/2020,USA,US,,,Foreign Language Teacher,FALSE,Reverso,jessica5,ContextiOS,iOS,10/10/2026,,,
56cf6c64-b409-433e-a2b3-93f79ccd6c99,parisannie390@gmail.com,en,English,en,English,FALSE,TRUE,TRUE,TRUE,10/08/2018,Dictionary; ContextiOS; ReversoWin; ReversoWeb; Vocabulary; ContextWeb; GAS; Documents; ChromeExt; Unknown,02/10/2026,12/01/2022,USA,US,,,Foreign Language Teacher,TRUE,Reverso; Google,AnneC109,Dictionary,iOS,28/10/2026,,12/01/2027,
beb06822-37de-498f-924c-7309597821f7,mocchetti.emanuela@gmail.com,it,Italian,it,Italian,FALSE,TRUE,TRUE,TRUE,06/08/2018,ContextWeb; ContextAndroid; ReversoWeb; Dictionary; SynonymsWeb; Documents; GAS; Speller; Unknown,01/10/2026,17/01/2026,Italy,IT,1961,65,Foreign Language Teacher,TRUE,Reverso; Google,mocchettiemanuela,ContextWeb,Android 10,,24/01/2026,24/01/2027,
3af26163-72dd-4740-a201-1979bc0372c6,mcmorrowex@gmail.com,en,English,en,English,FALSE,TRUE,TRUE,TRUE,01/08/2018,GAS; ContextiOS; ReversoWin; ChromeExt; Documents; ReversoWeb; Dictionary; ContextAndroid; ContextWeb; ReversoMac; SynonymsWeb; Unknown,02/10/2026,11/11/2024,Ireland,IE,1956,70,Foreign Language Teacher,TRUE,Reverso; Google,PeterM59,GAS,iOS,22/03/2027,14/03/2026,,
7b2c9ab4-ba93-4d7e-9510-4092eaf67c53,anya-dymchenko@mail.ru,en,English,ru,Russian,FALSE,TRUE,TRUE,TRUE,18/07/2018,ContextAndroid; ContextiOS; ContextWeb,01/10/2026,18/07/2018,Russian Federation,RU,,,Foreign Language Teacher,FALSE,Reverso,le_young_dino,ContextAndroid,iOS,23/10/2026,,,
ecaff46c-caba-40f6-a940-d52eb87c0a7c,angelaht4@icloud.com,en,English,en,English,FALSE,TRUE,TRUE,TRUE,14/07/2018,ContextiOS; Dictionary; GAS; ContextWeb,29/09/2026,14/07/2019,USA,US,,,Foreign Language Teacher,FALSE,Reverso,angelaht4,ContextiOS,iOS,14/07/2027,,,
7cb282f6-5413-4c41-9e80-7b3f0156a838,shtyrbu.faina@gmail.com,ru,Russian,ru,Russian,FALSE,TRUE,TRUE,TRUE,13/06/2018,ChromeExt; ContextAndroid; ContextWeb; Dictionary; GAS; ReversoWeb; Conjugator; SynonymsWeb; Speller; ReversoWin; SynonymsAndroid; Documents; Unknown,02/10/2026,25/08/2022,"Moldova, Republic of",MD,,,Foreign Language Teacher,TRUE,Google,FainaS1,ChromeExt,Android 16,,19/10/2026,,
29de05e2-a587-4c3c-b142-e85a8ac91c88,rusackn1@gmail.com,en,English,ru,Russian,FALSE,TRUE,TRUE,TRUE,07/06/2018,ContextWeb; ReversoMac; ContextiOS; ReversoWeb; GAS; Documents; SynonymsWeb; Dictionary; Vocabulary; Speller; ChromeExt; Unknown,02/10/2026,02/01/2022,Russian Federation,RU,1996,30,Foreign Language Teacher,TRUE,Google,rusack,ContextWeb,Mac OS X 10.15.7,16/05/2027,,,
3d48f1e2-023f-40bc-b95f-be8f3c540695,luanacamilah@gmail.com,pt,Portuguese,pt,Portuguese,FALSE,TRUE,TRUE,TRUE,28/04/2018,ContextAndroid; ReversoWeb; ReversoWin; Speller; Documents; Dictionary; ContextWeb,02/10/2026,17/03/2019,Brazil,BR,,,Foreign Language Teacher,TRUE,Google,Luana Camila H,ContextAndroid,Android 16,,,31/12/2026,
be26aa2f-1d68-4e08-9ecc-7ff4f028d662,konoko.ash@gmail.com,en,English,pl,Polish,FALSE,TRUE,TRUE,TRUE,11/04/2018,ContextWeb; ReversoWin; ContextAndroid; ReversoWeb; ReversoMac; Dictionary; Documents; GAS; Unknown,02/10/2026,14/12/2019,Poland,PL,1983,43,Foreign Language Teacher,TRUE,Google,ashantess,ContextWeb,Windows 10,,09/10/2026,,
8f0ad770-1939-4d7f-9668-709b5f187e92,ryates16@gmail.com,en,English,en,English,FALSE,TRUE,TRUE,TRUE,03/04/2018,ContextiOS; ReversoWeb; ContextWeb; Speller; SynonymsWeb; Dictionary; Documents; Conjugator; ReversoWin; GAS; ChromeExt; Unknown,01/10/2026,27/05/2020,USA,US,1979,47,Foreign Language Teacher,TRUE,Reverso,ryates16,ContextiOS,Windows 10,04/04/2027,,,
52ad7fa6-0790-4af0-9dda-ec486bafcd3a,fania.melendo@gmail.com,fr,French,fr,French,FALSE,TRUE,TRUE,TRUE,07/03/2018,ContextAndroid; ContextWeb; GAS; SynonymsAndroid,02/10/2026,18/07/2023,France,FR,,,Foreign Language Teacher,FALSE,Reverso; Google,Fania_Melendo,ContextAndroid,Android 16,,01/04/2027,,
c77f4c6a-0979-4f7c-b581-37c1aca5c558,umlauf.eva@gmail.com,en,English,en,English,FALSE,TRUE,TRUE,TRUE,07/03/2018,ContextWeb; ContextiOS; ReversoWeb; Documents; GAS; ReversoMac; Conjugator; Dictionary; Unknown,06/09/2026,20/01/2025,Australia,AU,1971,55,Foreign Language Teacher,TRUE,Google,EvaUmlauf,ContextWeb,iOS,04/06/2024,,17/12/2026,
c37a7633-d503-4a39-881d-9f8af4c711c7,jolanda.kolsters.1@kpnmail.nl,it,Italian,it,Italian,FALSE,TRUE,TRUE,TRUE,27/02/2018,ContextWeb; ContextiOS; GAS; Documents; ReversoWeb; Conjugator; Dictionary; SynonymsWeb; Speller; ChromeExt; Unknown,10/09/2026,13/08/2026,Netherlands,NL,1962,64,Foreign Language Teacher,FALSE,Reverso,JolandaKolsters,ContextWeb,iOS,,,13/11/2026,
446e8633-b3ec-4281-a84c-2e31deb6c865,maarcerito@gmail.com,pt,Portuguese,pt,Portuguese,FALSE,TRUE,TRUE,TRUE,26/02/2018,ContextWeb; ContextAndroid; Dictionary; Conjugator; ChromeExt; GAS; ReversoWeb; SynonymsWeb; Documents; Speller; ReversoWin; FirefoxExt; Unknown,02/10/2026,27/05/2020,Brazil,BR,,,Foreign Language Teacher,TRUE,Google,MarianaA47,ContextWeb,Android 16,,19/02/2027,,
a2e2a912-ce54-409c-8b76-58761dcbb408,vadikfes@gmail.com,en,English,ru,Russian,FALSE,TRUE,TRUE,TRUE,16/02/2018,ContextAndroid; GAS; ContextWeb; ContextiOS,29/09/2026,17/12/2019,Ukraine,UA,,,Foreign Language Teacher,TRUE,Reverso; Google,ВадикД,ContextAndroid,Android 11,,24/10/2026,,
c2a4d7ca-4326-4f34-80b3-61d0179c6c23,arnalditic@gmail.com,it,Italian,it,Italian,FALSE,TRUE,TRUE,TRUE,14/02/2018,ContextiOS; ContextWeb; SynonymsWeb; ChromeExt; Documents; GAS; ReversoWeb; ContextAndroid; ReversoMac; Unknown,02/10/2026,25/02/2020,Italy,IT,,,Foreign Language Teacher,TRUE,Reverso; Google,arnalditic,ContextiOS,iOS,25/02/2023,25/02/2021,30/11/2026,
acb3d9c6-1d19-496f-aecd-a2287b43d295,wordsrw@gmail.com,en,English,en,English,FALSE,TRUE,TRUE,TRUE,05/02/2018,ContextiOS; ContextWeb; ReversoMac; Documents; GAS,24/09/2026,05/02/2020,Ukraine,UA,,,Foreign Language Teacher,TRUE,Reverso,wordsrw,ContextiOS,iOS,05/02/2027,,,
e8d79bc9-b6a6-4a2d-8fa2-b0bf80f2bab2,victoryalovsky@gmail.com,en,English,ru,Russian,FALSE,TRUE,TRUE,TRUE,30/01/2018,ContextiOS; ReversoMac; Documents; ReversoWeb; ContextWeb; Dictionary; Unknown,01/10/2026,15/04/2020,"Moldova, Republic of",MD,,,Foreign Language Teacher,TRUE,Apple; Google,VictoryaL,ContextiOS,Mac OS X 10.15.7,16/04/2027,,,
8974d102-88e7-4f1e-a8f0-bf6f6662f25d,marincikovic.7@gmail.com,en,English,en,English,FALSE,TRUE,TRUE,TRUE,28/01/2018,ContextiOS; ReversoWeb; Dictionary; ChromeExt; Documents; GAS; ContextWeb; ReversoMac; Conjugator; SynonymsWeb; Unknown,01/10/2026,07/05/2021,Switzerland,CH,,,Foreign Language Teacher,TRUE,Reverso; Google,Diesomnius,ContextiOS,iOS,14/11/2026,,,
a25b5f92-5137-4a54-8e1f-ee6ebb994cd3,marktrafford@yahoo.co.uk,en,English,en,English,FALSE,TRUE,TRUE,TRUE,27/01/2018,ContextiOS; ReversoMac; GAS; Documents; ContextWeb; Dictionary; ChromeExt; Unknown,23/09/2026,09/08/2019,Poland,PL,1979,47,Foreign Language Teacher,TRUE,Reverso; Apple; Facebook,MarkT24,ContextiOS,iOS 26.6.2,06/05/2027,,,
c3697d4d-f47d-4b3b-9054-156caf228a55,cara_kernaghan@wrdsb.ca,en,English,en,English,FALSE,TRUE,TRUE,TRUE,20/01/2018,ContextiOS; ContextWeb; Documents; ReversoWin; ReversoMac; ChromeExt; SynonymsWeb; ReversoWeb; GAS; Dictionary; ContextAndroid; Speller; Unknown,01/10/2026,12/01/2021,Canada,CA,,,Foreign Language Teacher,TRUE,Apple,CaraK1,ContextiOS,iOS,23/06/2025,25/06/2021,23/11/2026,
2d5b96bc-cdbe-47b9-ba0a-2e9e6916bd9b,jahilton.usal@gmail.com,pt,Portuguese,pt,Portuguese,FALSE,TRUE,TRUE,TRUE,15/01/2018,ContextAndroid; ReversoWin; Documents; ReversoWeb; SynonymsWeb; ContextWeb; Dictionary; GAS,01/10/2026,08/03/2020,Brazil,BR,1962,64,Foreign Language Teacher,TRUE,Google,Jahilton Filho,ContextAndroid,Android 15,,29/10/2026,,
013104cd-3959-4c19-bb3d-07e03367a68c,sbnlwrs@gmail.com,en,English,nl,Dutch,FALSE,TRUE,TRUE,TRUE,12/01/2018,ContextWeb; Dictionary; ContextAndroid; Conjugator; ReversoWeb; GAS; Documents,28/09/2026,08/02/2026,Belgium,BE,1969,57,Foreign Language Teacher,TRUE,Facebook; Google,SabineL29,ContextWeb,Android 10,,07/02/2027,07/02/2027,
6ffdda6d-b094-4a92-9bd0-e85e4b12ab50,mariagrazia.decaroli@gmail.com,it,Italian,it,Italian,FALSE,TRUE,TRUE,TRUE,11/01/2018,ContextiOS; ReversoWin; Documents; ReversoWeb; Dictionary; ContextWeb; SynonymsWeb; ReversoMac,02/10/2026,01/09/2019,Italy,IT,,,Foreign Language Teacher,TRUE,Google,Maria GraziaD2,ContextiOS,iOS,03/10/2026,,,
d199b0c7-836b-44d9-982e-f6c72a10c429,karinaferre.profesora@gmail.com,en,English,es,Spanish,FALSE,TRUE,TRUE,TRUE,05/01/2018,ContextWeb; ReversoWeb; ContextAndroid; ReversoWin; Speller; Documents; GAS; Conjugator; SynonymsAndroid; Dictionary; SynonymsWeb; ReversoMac,02/10/2026,07/08/2018,Argentina,AR,,,Foreign Language Teacher,TRUE,Google,KarinaFerre,ContextWeb,Windows 10,,20/06/2026,16/07/2027,
ed394abf-4d12-4ddb-b678-e6416ec42d1f,val.tommasi95@gmail.com,it,Italian,it,Italian,FALSE,TRUE,TRUE,TRUE,01/01/2018,ContextAndroid; ContextiOS; ChromeExt; ReversoWeb; ContextWeb; Documents; Dictionary; ReversoWin; Speller; GAS; SynonymsWeb; Unknown,01/10/2026,01/01/2018,Italy,IT,,,Foreign Language Teacher,TRUE,Reverso; Google,ValentinaT40,ContextAndroid,iOS,06/01/2027,24/06/2022,,
084ec703-fa65-47db-a603-ac7cb22ec674,binibeans@gmail.com,en,English,it,Italian,FALSE,TRUE,TRUE,TRUE,19/12/2017,ContextWeb; ReversoWeb; ContextAndroid; Documents; GAS; Dictionary; SynonymsWeb; Conjugator; Unknown,15/09/2026,05/06/2026,Australia,AU,,,Foreign Language Teacher,FALSE,Reverso; Google,binibeans,ContextWeb,Android 10,,06/06/2027,,
9a7dc4c3-3858-4270-b4b5-c43921d21ca7,shezyu@gmail.com,en,English,ru,Russian,FALSE,TRUE,TRUE,TRUE,18/12/2017,ContextWeb; ContextAndroid; ReversoWin; Dictionary; ContextiOS; Documents; ReversoWeb; GAS; Unknown,01/10/2026,11/03/2025,Russian Federation,RU,,,Foreign Language Teacher,FALSE,Reverso; Google,shezyu,ContextWeb,Android 16,01/03/2024,22/12/2026,,
f8a61006-76ef-4b35-b3c0-0b781a8dd383,ariel.a.molcho@gmail.com,en,English,he,Hebrew,FALSE,TRUE,TRUE,TRUE,17/12/2017,ContextAndroid; ContextWeb; GAS; Unknown,01/10/2026,24/09/2018,Israel,IL,,,Foreign Language Teacher,TRUE,Reverso; Google,אריאל אברהם מולכו,ContextAndroid,Android 13,,21/08/2027,,
8badf5ae-1b10-4997-baa6-cb475cc8c5e5,i.am.not.angel88@mail.ru,es,Spanish,ru,Russian,FALSE,TRUE,TRUE,TRUE,22/11/2017,ContextiOS; GAS; ContextWeb; Unknown,02/10/2026,01/12/2022,Russian Federation,RU,,,Foreign Language Teacher,TRUE,Reverso; Apple; Facebook,ЮлияД18,ContextiOS,iOS,06/10/2026,,,
956d4b2b-d17c-43c3-9ec8-488bfddb5e14,carlosmejiaduenas@gmail.com,es,Spanish,fr,French,FALSE,TRUE,TRUE,TRUE,17/11/2017,ContextiOS; Documents; ReversoWeb; GAS; ContextWeb,28/09/2026,01/08/2026,Honduras,HN,1985,41,Foreign Language Teacher,TRUE,Reverso; Apple; Google,carlosmejiaduenas,ContextiOS,iOS,20/10/2026,,01/08/2027,
c6733997-8cb7-4676-a4aa-e9ba2659007b,javiertrinidad1@gmail.com,es,Spanish,es,Spanish,FALSE,TRUE,TRUE,TRUE,08/11/2017,ContextiOS; Speller; ReversoWeb; ContextWeb,28/09/2026,09/03/2020,Spain,ES,1970,56,Foreign Language Teacher,FALSE,Reverso; Facebook,javiertrinidad1,ContextiOS,iOS,08/11/2026,,,
b0947dcc-4e43-4205-9fba-20895f2bcbfd,aristocles56@gmail.com,es,Spanish,de,German,FALSE,TRUE,TRUE,TRUE,06/11/2017,ContextWeb; ContextAndroid; Dictionary; ReversoWeb; SynonymsWeb; ReversoWin; ChromeExt; Speller; SynonymsAndroid; Conjugator; Documents; GAS; ReversoMac; Unknown,02/10/2026,14/02/2023,Spain,ES,1956,70,Foreign Language Teacher,FALSE,Reverso; Google,aristocles56,ContextWeb,Android 16,,15/01/2027,,
78b15e96-d1fa-4ac7-a7c3-b604a7b5c89d,khaled4fr@yahoo.com,fr,French,fr,French,FALSE,TRUE,TRUE,TRUE,03/11/2017,ContextAndroid; ContextWeb; ReversoWin; ReversoWeb; Documents; GAS,01/10/2026,23/05/2020,Egypt,EG,1970,56,Foreign Language Teacher,TRUE,Reverso; Facebook,Khaled Abdelhamid,ContextAndroid,Android 16,,30/12/2026,,
b92e4edb-c07b-4d2c-bbcf-6b5579e5e738,epifanova@hotmail.com,en,English,ru,Russian,FALSE,TRUE,TRUE,TRUE,27/10/2017,ContextWeb; Speller; ReversoWeb; Documents; GAS; ContextAndroid; Dictionary; SynonymsWeb; Conjugator; ChromeExt; Unknown,02/10/2026,03/07/2026,Canada,CA,,,Foreign Language Teacher,FALSE,Reverso,epifanova,ContextWeb,Windows 10,,10/07/2026,05/08/2027,
2a6461e6-d61b-419e-9a04-01d691c79ff1,maestradiana1@gmail.com,en,English,en,English,FALSE,TRUE,TRUE,TRUE,17/10/2017,ContextiOS; GAS; Dictionary; SafariExt; FirefoxExt; ChromeExt; ContextWeb; Unknown,05/09/2026,22/10/2025,USA,US,,,Foreign Language Teacher,FALSE,Reverso; Google,DianneS1,ContextiOS,iOS,24/05/2027,,,
756830a5-5829-47d3-86c9-acd350658cda,lesia7voitko@gmail.com,en,English,ru,Russian,FALSE,TRUE,TRUE,TRUE,12/10/2017,ContextWeb; ContextAndroid; Dictionary; ReversoWin; ReversoWeb; GAS; SynonymsWeb; Documents; Speller; Conjugator; Unknown,02/10/2026,20/03/2025,Ukraine,UA,1992,34,Foreign Language Teacher,TRUE,Google,ЛесяВ,ContextWeb,Android 16,,20/02/2027,,
e0b61973-e85c-4da2-b341-2db7eafe6913,siddharthdarekar92@gmail.com,en,English,en,English,FALSE,TRUE,TRUE,TRUE,06/10/2017,ContextAndroid; ContextWeb; ReversoWeb; Dictionary,02/10/2026,07/12/2019,India,IN,,,Foreign Language Teacher,TRUE,Google,sidctforce,ContextAndroid,Android 16,,30/10/2026,,
3fae73da-7e0a-4968-b9c8-147ace06091b,claire.bleasdale@gmail.com,en,English,en,English,FALSE,TRUE,TRUE,TRUE,20/09/2017,ContextiOS; ContextWeb; ReversoWeb; Dictionary; GAS,02/10/2026,23/01/2019,UK,GB,,,Foreign Language Teacher,TRUE,Reverso; Google,ClaireB119,ContextiOS,iOS 26.6.1,30/10/2026,,,
c1a18d50-79fa-43ba-8186-f014df1afd83,ksaenglishteacher@gmail.com,en,English,ar,Arabic,FALSE,TRUE,TRUE,TRUE,25/08/2017,ContextiOS; ContextAndroid; ReversoWeb; Speller; ContextWeb; GAS; Documents; Unknown,01/10/2026,03/03/2026,Saudi Arabia,SA,,,Foreign Language Teacher,TRUE,Reverso; Facebook; Google,Ksaenglishteacher,ContextiOS,Android 13,02/12/2025,26/11/2026,,
fe77cbb2-4661-4770-b4dd-5fdd14b4c952,anne.duprez@pm.me,fr,French,fr,French,FALSE,TRUE,TRUE,TRUE,07/08/2017,ContextWeb; ReversoMac; ContextAndroid; Dictionary; GAS; ReversoWeb; Documents; ReversoWin; Conjugator; FirefoxExt; Speller; Unknown,01/10/2026,21/12/2023,Luxembourg,LU,1965,61,Foreign Language Teacher,TRUE,Reverso; Google,10amanouchka,ContextWeb,Mac OS X 10.15.7,,14/05/2026,14/05/2027,
32523ed2-098c-49d1-9c30-a1ce8fdec3db,josechuruth@gmail.com,es,Spanish,es,Spanish,FALSE,TRUE,TRUE,TRUE,30/07/2017,ContextiOS; ReversoWin; Documents; GAS; ReversoWeb; ContextWeb; ChromeExt; SynonymsWeb; ReversoMac; Dictionary; Unknown,02/10/2026,20/07/2026,Spain,ES,1967,59,Foreign Language Teacher,FALSE,Reverso; Google,rgarcia1967,ContextiOS,Windows 10,,,15/01/2027,
18c3b22b-acb6-4c56-b274-aeacc867679a,noeldecarvalho@gmail.com,pt,Portuguese,en,English,FALSE,TRUE,TRUE,TRUE,23/07/2017,ContextAndroid; ReversoWeb; ContextWeb; ChromeExt; Documents; Dictionary; GAS; Conjugator; SynonymsWeb; ReversoWin; Speller; ReversoMac; FirefoxExt; Unknown,01/10/2026,12/09/2024,Brazil,BR,1966,60,Foreign Language Teacher,TRUE,Reverso; Facebook; Google,noelbc,ContextAndroid,Android 14,,17/11/2025,17/10/2026,
a22532ac-7bc7-4bbb-b18d-7df3592d3896,alvarocampello@gmail.com,en,English,en,English,FALSE,TRUE,TRUE,TRUE,12/07/2017,ContextWeb; ContextAndroid; ReversoWin; ReversoWeb; Vocabulary; GAS; ChromeExt; Dictionary,01/10/2026,24/03/2019,Brazil,BR,1965,61,Foreign Language Teacher,TRUE,Facebook; Google,uncle-alvie,ContextWeb,Android 16,,20/02/2027,,
ef1a4c59-e253-4d2e-b97b-c0f6cb9ec5ff,mp.piiman@gmail.com,fr,French,fr,French,FALSE,TRUE,TRUE,TRUE,09/07/2017,ContextiOS; ChromeExt; GAS; ContextWeb,25/09/2026,01/03/2020,New Caledonia,NC,,,Foreign Language Teacher,TRUE,Reverso; Apple; Google,PatrickM146,ContextiOS,iOS,18/09/2027,,,
20115261-20a2-4a7e-a7e5-5f6e82bbb685,edgarospina@yahoo.com,es,Spanish,es,Spanish,FALSE,TRUE,TRUE,TRUE,08/07/2017,ContextWeb; ContextiOS; GAS; ReversoIntranet; ContextAndroid; Dictionary; ReversoWeb,02/10/2026,12/05/2020,Colombia,CO,1952,74,Foreign Language Teacher,TRUE,Reverso; Apple; Facebook,edgarospina,ContextWeb,iOS,30/08/2027,,,
cc6e1d8e-863c-4d59-a8c8-6854e1e360a0,eric.redacao@gmail.com,pt,Portuguese,pt,Portuguese,FALSE,TRUE,TRUE,TRUE,22/06/2017,ContextAndroid; ReversoWin; ContextWeb; ReversoWeb; Documents; Vocabulary; GAS; Speller; ReversoMac; Dictionary; Conjugator; SynonymsWeb; Unknown,01/10/2026,20/05/2024,Brazil,BR,1982,44,Foreign Language Teacher,TRUE,Facebook; Google,EricBighetti,ContextAndroid,Windows 10,,14/04/2027,,
0f9b500d-d3cb-424b-be2a-01a071d60663,benkirane.lamyaa@gmail.com,fr,French,fr,French,FALSE,TRUE,TRUE,TRUE,17/06/2017,ContextiOS; ContextWeb; Documents; ReversoMac; ReversoWeb; Speller; Unknown,29/09/2026,23/07/2017,Morocco,MA,,,Foreign Language Teacher,TRUE,Facebook; Google,LamyaaB,ContextiOS,iOS,04/01/2027,,,
44276a99-e233-4ec7-a5f2-f0ff919d1ea1,vander.oliver89@gmail.com,pt,Portuguese,pt,Portuguese,FALSE,TRUE,TRUE,TRUE,15/06/2017,ContextWeb; ContextAndroid; ReversoWeb; Speller; SynonymsWeb; Dictionary; Conjugator; Documents; GAS; ReversoWin; Unknown,02/10/2026,26/05/2020,Brazil,BR,,,Foreign Language Teacher,FALSE,Reverso; Google,Vander Oliver,ContextWeb,Android 14,,31/07/2027,,
897d7e72-3860-477b-9399-3067f46e2ce7,Yatchenko.Ellada@gmail.com,fr,French,fr,French,FALSE,TRUE,TRUE,TRUE,15/06/2017,GAS; ContextiOS; ReversoWeb; Speller; ContextWeb; Documents; Dictionary; SynonymsWeb; Unknown,24/09/2026,15/06/2023,France,FR,1969,57,Foreign Language Teacher,TRUE,Reverso; Facebook; Google,Vladislava56,GAS,iOS,,,24/07/2027,
d280c717-cc03-41a5-9435-cdb5799d6aa5,mlonostro@unisa.it,fr,French,en,English,FALSE,TRUE,TRUE,TRUE,11/06/2017,ContextAndroid; ContextWeb; ChromeExt; ReversoWeb; Dictionary; SynonymsWeb; Documents; Conjugator; Speller; GAS; FirefoxExt; Unknown,30/09/2026,08/06/2020,Italy,IT,1970,56,Foreign Language Teacher,TRUE,Reverso; Facebook; Google,MarìcaL,ContextAndroid,Windows 10,,24/10/2020,24/11/2026,
44167630-85db-42c1-bc72-68422e524e24,Raymondking888@gmail.com,fr,French,en,English,FALSE,TRUE,TRUE,TRUE,31/05/2017,ContextAndroid; ContextWeb; GAS,02/10/2026,12/07/2017,Taiwan,TW,1971,55,Foreign Language Teacher,TRUE,Reverso; Google,mightyking,ContextAndroid,Android 15,,07/10/2026,,
9d9caf5c-cf46-4d69-a38f-a801d413e1dd,jortegamarin@gmail.com,es,Spanish,es,Spanish,FALSE,TRUE,TRUE,TRUE,27/05/2017,ContextiOS; ReversoMac; Documents; ReversoWeb; ContextWeb; GAS; Unknown,01/10/2026,19/03/2020,Spain,ES,,,Foreign Language Teacher,TRUE,Reverso; Facebook,jortegamarin,ContextiOS,Mac OS X 10.15.7,27/06/2025,,29/11/2026,
7af4b2a0-c3a1-41b3-b6b2-87f7193c6bc2,jmalvarado7@yahoo.com.mx,fr,French,fr,French,FALSE,TRUE,TRUE,TRUE,08/05/2017,ContextiOS; ContextAndroid; ContextWeb,01/10/2026,22/04/2019,Switzerland,CH,,,Foreign Language Teacher,TRUE,Reverso,jmalvarado,ContextiOS,iOS,26/03/2027,26/03/2019,,
81951f12-91a5-4151-b95b-c8c89e6a2bd2,aly_lupo@hotmail.it,it,Italian,it,Italian,FALSE,TRUE,TRUE,TRUE,29/04/2017,ContextAndroid; ContextWeb; Documents,02/10/2026,02/02/2020,Italy,IT,1995,31,Foreign Language Teacher,TRUE,Facebook,Allylupo,ContextAndroid,Android 15,,17/02/2027,,
aad2bd17-a560-4567-9fd0-05aa1643d469,alimiano@stanford.edu,en,English,es,Spanish,FALSE,TRUE,TRUE,TRUE,19/04/2017,ContextWeb; ReversoMac; ContextiOS; Documents; ReversoWeb; Vocabulary; GAS; Speller; SynonymsWeb; ReversoWin; Dictionary; Unknown,02/10/2026,11/02/2026,USA,US,1960,66,Foreign Language Teacher,TRUE,Reverso; Facebook; Google,alimiano,ContextWeb,Mac OS X 10.15.7,03/01/2027,,09/04/2024,
85c8457b-86b5-473d-9742-33faa5df9054,oramjp2016@gmail.com,en,English,en,English,FALSE,TRUE,TRUE,TRUE,10/04/2017,ContextiOS; GAS; Documents; ReversoWeb; ContextWeb; Unknown,02/10/2026,27/12/2024,Australia,AU,,,Foreign Language Teacher,TRUE,Reverso,oramjp2016,ContextiOS,iOS,14/06/2027,,,
8e3eabbc-6424-4cb9-be79-4a2287a5b94a,rqhsu1950@gmail.com,en,English,en,English,FALSE,TRUE,TRUE,TRUE,25/03/2017,ContextAndroid; ContextWeb; GAS,25/09/2026,30/03/2018,Taiwan,TW,1950,76,Foreign Language Teacher,TRUE,Reverso; Google,rqhsu1950,ContextAndroid,Android 16,,12/10/2026,,
4af46b13-d368-4f75-bf4e-e7b30f41e738,hashissdf@hotmail.com,es,Spanish,es,Spanish,FALSE,TRUE,TRUE,TRUE,22/03/2017,ContextWeb; ContextAndroid; ReversoWeb; Dictionary; GAS,01/10/2026,19/01/2020,Mexico,MX,1944,82,Foreign Language Teacher,TRUE,Facebook,AlexS120,ContextWeb,Android 12,,06/01/2027,,
be598fe3-c317-4f30-931a-0b3742ba954f,jlibnic@gmail.com,en,English,en,English,FALSE,TRUE,TRUE,TRUE,09/03/2017,ContextiOS; ContextWeb; ContextAndroid; Unknown,02/10/2026,13/04/2018,USA,US,,,Foreign Language Teacher,TRUE,Reverso; Facebook; Google,JillLib,ContextiOS,iOS,09/03/2027,08/03/2018,,
c842ac51-9d86-49d2-8e7b-ae7beedde818,alessiabarsanti68@gmail.com,it,Italian,it,Italian,FALSE,TRUE,TRUE,TRUE,08/03/2017,ContextAndroid; ChromeExt; ContextWeb; ReversoWeb; Documents; Speller; Dictionary; Conjugator; SynonymsWeb; GAS; Unknown,29/09/2026,03/11/2019,Italy,IT,,,Foreign Language Teacher,TRUE,Reverso; Google,AlessiaB25,ContextAndroid,Android 16,,22/02/2027,02/01/2027,
5eb7ef37-c532-4e18-9c51-28f41cd51866,gioialagalla@hotmail.com,en,English,en,English,FALSE,TRUE,TRUE,TRUE,04/03/2017,ContextiOS; ContextWeb,02/10/2026,04/03/2017,Italy,IT,,,Foreign Language Teacher,TRUE,Apple; Facebook; Google,GioiaL,ContextiOS,iOS,21/03/2027,,,
6cd13400-7300-410e-a52a-21b1a6cd4aa4,tatamoni15@gmail.com,it,Italian,it,Italian,FALSE,TRUE,TRUE,TRUE,04/03/2017,ContextAndroid; ContextWeb; ReversoWin; Conjugator; ReversoWeb; Dictionary; Documents; GAS; Unknown,01/10/2026,11/04/2020,Italy,IT,,,Foreign Language Teacher,TRUE,Reverso; Google,monicab31,ContextAndroid,Windows 10,,22/03/2024,11/03/2027,
bff5e68c-e6b7-4d75-a8eb-25ca6955ff8f,laura.a.watts@gmail.com,en,English,en,English,FALSE,TRUE,TRUE,TRUE,04/03/2017,ContextiOS; TranslatoriOS; Documents; ReversoWeb; ContextWeb; Dictionary; Speller; ChromeExt; GAS,08/09/2026,05/06/2020,USA,US,1912,100,Foreign Language Teacher,FALSE,Apple; Facebook; Google,LauraW22,ContextiOS,iOS,05/09/2027,,08/08/2023,
1d8c8843-5d35-4c25-ae34-316401d2c93f,chmarsilli@gmail.com,it,Italian,it,Italian,FALSE,TRUE,TRUE,TRUE,01/03/2017,ContextAndroid; ContextWeb; ChromeExt; Dictionary; GAS; ReversoWeb; FirefoxExt; Documents; Unknown,18/09/2026,10/10/2024,Italy,IT,,,Foreign Language Teacher,FALSE,Google,ClaudioHM,ContextAndroid,Android 12,,01/03/2027,,
f1c3bed0-f446-439b-bfa6-3b72f3617fb4,adam.zed.s@gmail.com,en,English,en,English,FALSE,TRUE,TRUE,TRUE,28/02/2017,ContextAndroid; ReversoWin; ReversoWeb; ChromeExt; ContextWeb; Dictionary; Documents; GAS; Vocabulary; ReversoMac; SynonymsWeb; SynonymsAndroid; Conjugator; Speller; ReversoWebMobile; ContextiOS; Unknown,02/10/2026,20/05/2020,Switzerland,CH,,,Foreign Language Teacher,TRUE,Reverso; Google,Zed,ContextAndroid,Android 16,,28/02/2027,,
5d24c612-2507-4283-9a7f-29ac5e145f5a,cpriest@newington.nsw.edu.au,en,English,en,English,FALSE,TRUE,TRUE,TRUE,25/02/2017,ContextWeb; ContextiOS; GAS; ReversoWeb; Dictionary,17/09/2026,25/02/2017,Australia,AU,,,Foreign Language Teacher,FALSE,Reverso,cpriest,ContextWeb,iOS,14/01/2027,,,
76b83198-5684-466b-ac92-d16bbbbce825,flaviosmoreira@gmail.com,pt,Portuguese,pt,Portuguese,FALSE,TRUE,TRUE,TRUE,20/02/2017,ContextAndroid; ReversoWin; Documents; ReversoWeb; ContextWeb; GAS; SynonymsWeb; Speller; ReversoMac; Dictionary; Unknown,19/09/2026,13/04/2021,Brazil,BR,1965,61,Foreign Language Teacher,TRUE,Reverso; Google,flaviosmoreira,ContextAndroid,Android 16,,10/10/2026,,
f687d86c-0480-45f0-9f29-7255bb024c7a,schafermadie@gmail.com,de,German,de,German,FALSE,TRUE,TRUE,TRUE,18/02/2017,ContextWeb; ContextiOS; GAS; ReversoWeb; Documents; SynonymsWeb; Dictionary; ChromeExt,28/09/2026,12/08/2019,Germany,DE,,,Foreign Language Teacher,TRUE,Reverso,schafermadie,ContextWeb,iOS,05/10/2026,,,
4cbd00ca-853a-4f91-8279-ca807b964ee8,khiasmos@orange.fr,fr,French,fr,French,FALSE,TRUE,TRUE,TRUE,01/02/2017,Dictionary; ContextiOS; ContextWeb; ReversoWeb; Documents; ReversoMac; GAS; ChromeExt; ContextAndroid,01/10/2026,16/04/2021,France,FR,1961,65,Foreign Language Teacher,FALSE,Reverso; Apple,khiasmos,Dictionary,iOS,10/10/2026,,,
4ed6b640-f3c5-4a84-af7a-596dd947f7b1,angelavitiello60@gmail.com,it,Italian,it,Italian,FALSE,TRUE,TRUE,TRUE,06/01/2017,ContextWeb; ContextAndroid; ChromeExt; ReversoWeb; Documents; Speller; Dictionary; GAS; Conjugator; SynonymsWeb; ReversoWin; ReversoMac; Unknown,20/09/2026,13/02/2017,Italy,IT,1960,66,Foreign Language Teacher,TRUE,Reverso; Google,angelavitiello60,ContextWeb,Android 16,,09/09/2027,09/09/2027,
172a0add-3667-45e4-9b07-994dda6614ff,andreaschileo@gmail.com,it,Italian,it,Italian,FALSE,TRUE,TRUE,TRUE,04/01/2017,ContextWeb; ContextAndroid; Dictionary; ReversoWeb; ReversoWin; Conjugator; SynonymsWeb; Speller; GAS; SynonymsAndroid; Documents; Unknown,02/10/2026,22/07/2023,Italy,IT,1972,54,Foreign Language Teacher,TRUE,Reverso; Facebook; Google,andreaschileo,ContextWeb,Android 14,,30/03/2031,,
451c3aec-33c2-4d6e-ac95-b66b9111fe9b,carolromao@gmail.com,fr,French,pt,Portuguese,FALSE,TRUE,TRUE,TRUE,13/12/2016,ContextAndroid; ReversoWin; ContextWeb; GAS; ReversoWeb; Documents; ReversoMac; Conjugator; Dictionary; Unknown,02/10/2026,21/03/2018,Brazil,BR,,,Foreign Language Teacher,FALSE,Reverso,carolromao,ContextAndroid,Android 16,,16/04/2027,,
fa763087-14fa-4179-b7f5-b43c21891775,hrnusser@aol.com,de,German,de,German,FALSE,TRUE,TRUE,TRUE,11/12/2016,ContextWeb; ContextiOS; SafariExt; ReversoWeb; Dictionary,02/10/2026,19/09/2019,Germany,DE,,,Foreign Language Teacher,FALSE,Reverso; Apple; Google,hrnusser,ContextWeb,iOS,19/09/2027,,,
3ada13d7-049a-490c-a2a0-bfb72992a86f,guysiddons@gmail.com,en,English,en,English,FALSE,TRUE,TRUE,TRUE,20/11/2016,Dictionary; ContextAndroid; ReversoWin; Documents; ContextWeb; ReversoWeb; GAS; ChromeExt; Speller; Unknown,29/09/2026,02/05/2019,France,FR,1955,71,Foreign Language Teacher,TRUE,Reverso; Facebook; Google,GuyS21,Dictionary,Android 15,,31/01/2027,31/01/2027,
b040d072-8c13-4307-a98d-0cb7f8220659,alejandrolyovin@gmail.com,en,English,en,English,FALSE,TRUE,TRUE,TRUE,16/11/2016,ContextWeb; ContextAndroid; ReversoWeb; SynonymsWeb; Conjugator; Documents; Dictionary; GAS; ContextiOS; Unknown,01/10/2026,20/02/2018,Spain,ES,1984,42,Foreign Language Teacher,FALSE,Facebook; Google,AlexandrL2,ContextWeb,Windows 10,,17/08/2027,,
7cdeec95-a245-4f15-9af7-afe7c8038975,sallymckevitt@gmail.com,fr,French,fr,French,FALSE,TRUE,TRUE,TRUE,11/11/2016,Dictionary; ContextiOS; GAS; ReversoWeb; ContextWeb; Unknown,01/10/2026,09/06/2025,Greece,GR,1952,74,Foreign Language Teacher,TRUE,Reverso; Google,sallymckevitt,Dictionary,iOS,11/10/2026,,,
de4442cd-b0b4-4415-a6b3-674a830480ce,sergokat@rambler.ru,en,English,en,English,FALSE,TRUE,TRUE,TRUE,10/11/2016,ContextWeb; ContextiOS; ReversoWeb,29/09/2026,09/12/2016,Russian Federation,RU,,,Foreign Language Teacher,TRUE,Reverso,sergokat,ContextWeb,iOS,31/08/2027,,,
3175532e-5bea-438a-bffe-236b19b47a92,jcpatterson@sbcglobal.net,it,Italian,en,English,FALSE,TRUE,TRUE,TRUE,04/11/2016,ContextWeb; ContextiOS; ReversoWin; ReversoWeb; FirefoxExt; GAS; Dictionary,01/10/2026,14/03/2020,USA,US,,,Foreign Language Teacher,FALSE,Reverso,jcpatterson,ContextWeb,iOS,03/03/2027,,,
6aa608f6-2d74-45a3-b9cf-0c7b4a7316bf,marcisaac71@yahoo.com,en,English,en,English,FALSE,TRUE,TRUE,TRUE,22/10/2016,ContextWeb; ReversoWin; ContextiOS; Documents; ReversoWeb; Dictionary; GAS; Conjugator; SynonymsWeb; Speller; ReversoMac; Unknown,02/10/2026,12/02/2025,Canada,CA,,,Foreign Language Teacher,FALSE,Reverso; Google,marcisaac71,ContextWeb,Windows 10,14/02/2027,,08/01/2027,
26f3bb79-8135-47c5-83f4-052358a23cfa,hinsiat@yahoo.fr,de,German,en,English,FALSE,TRUE,TRUE,TRUE,18/10/2016,ContextAndroid; ContextWeb; ReversoWeb; ReversoWin; SynonymsWeb; Documents; Dictionary; SynonymsAndroid; Conjugator; ContextiOS; Speller; GAS; Unknown,26/09/2026,18/09/2019,Germany,DE,1980,46,Foreign Language Teacher,TRUE,Reverso; Facebook,Hinsia,ContextAndroid,Android 16,,28/10/2026,,
080cc2ed-766f-44e1-bb6e-add320de97a5,Mariacunningham1@mac.com,en,English,en,English,FALSE,TRUE,TRUE,TRUE,01/10/2016,ContextiOS; ReversoWeb; ContextWeb; Conjugator; Dictionary; GAS; Documents; SynonymsWeb; Speller; Unknown,02/10/2026,31/08/2026,UK,GB,,,Foreign Language Teacher,TRUE,Reverso,Mariacunningham1,ContextiOS,iOS,10/10/2026,,,
c5be5598-e8ea-4f31-9f35-08463f4a25b1,Jmsdesros@yahoo.com,en,English,en,English,FALSE,TRUE,TRUE,TRUE,04/09/2016,ContextAndroid; ContextWeb; ReversoWin; Documents; ReversoWeb; Vocabulary; GAS; Dictionary; Unknown,02/10/2026,23/06/2022,USA,US,,,Foreign Language Teacher,TRUE,Reverso,Jmsdesros,ContextAndroid,Android 17,,15/01/2023,22/11/2026,
5449646b-f789-4038-8c23-0262ef0c75da,flazelight@gmail.com,en,English,en,English,FALSE,TRUE,TRUE,TRUE,14/08/2016,ContextWeb; ContextAndroid; ChromeExt; ReversoWeb; GAS; Dictionary; ReversoMac; Documents; Unknown,30/09/2026,22/05/2020,UK,GB,1988,38,Foreign Language Teacher,TRUE,Facebook; Google,BennettD,ContextWeb,Android 16,,02/02/2027,,
e4599fd5-125c-4501-9f91-4188f705ec2d,parker.hamish@gmail.com,en,English,en,English,FALSE,TRUE,TRUE,TRUE,29/07/2016,ContextWeb; ReversoWin; ContextAndroid; ChromeExt; Dictionary; ReversoWeb; Speller; GAS; Conjugator; SynonymsWeb; Documents; SynonymsAndroid; ContextiOS; Unknown,02/10/2026,17/08/2025,New Zealand,NZ,1977,49,Foreign Language Teacher,FALSE,Reverso; Facebook; Google,HamishP,ContextWeb,Windows 10,,26/09/2027,,
c8098b5f-ef1b-4571-947a-c83da57eeb7f,marielfracchia@gmail.com,es,Spanish,es,Spanish,FALSE,TRUE,TRUE,TRUE,28/07/2016,ContextiOS; Conjugator; ContextWeb; SynonymsWeb; Dictionary; ReversoMac; GAS; ChromeExt,02/09/2026,11/07/2018,Argentina,AR,1969,57,Foreign Language Teacher,FALSE,Reverso; Facebook; Google,marielfracchia,ContextiOS,iOS,11/07/2027,,,
799226e7-e9a7-4b57-b905-9d548e2e32db,alwin.edouard@gmail.com,fr,French,fr,French,FALSE,TRUE,TRUE,TRUE,01/07/2016,ContextAndroid; ContextWeb; Dictionary; ReversoWeb; GAS; Unknown,17/09/2026,13/03/2020,France,FR,,,Foreign Language Teacher,FALSE,Reverso; Google,alwinedouard,ContextAndroid,Android 16,,09/03/2031,,
72a9db39-b5c1-4556-ac3a-557440598235,alicas0120@gmail.com,it,Italian,it,Italian,FALSE,TRUE,TRUE,TRUE,10/05/2016,Dictionary; ContextAndroid; SynonymsWeb; ContextWeb; ReversoWeb; Documents; Unknown,28/09/2026,03/05/2018,Italy,IT,,,Foreign Language Teacher,TRUE,Reverso; Google,alicas0120,Dictionary,Android 10,,03/04/2027,,
2ae8fd2b-40fc-4a0a-968b-dc4fed0eb325,jmben62@free.fr,fr,French,fr,French,FALSE,TRUE,TRUE,TRUE,23/04/2016,Dictionary; ContextiOS; Documents; GAS; ContextWeb; ReversoWin; ReversoWeb; ChromeExt; Conjugator; SynonymsWeb; TranslatoriOS; Unknown,30/09/2026,07/09/2026,France,FR,1955,71,Foreign Language Teacher,TRUE,Reverso; Apple; Facebook,jmben62,Dictionary,iOS,06/10/2026,,14/09/2027,
107b3a8a-62d0-44f3-be6c-b9787cbf0189,liciacap@gmail.com,it,Italian,it,Italian,FALSE,TRUE,TRUE,TRUE,22/04/2016,Dictionary; ContextiOS; ReversoWeb; Vocabulary; ContextAndroid; ContextWeb; GAS; ReversoWin; Speller,28/09/2026,01/05/2020,Italy,IT,1963,63,Foreign Language Teacher,TRUE,Reverso; Google,liciacap,Dictionary,iOS,26/09/2027,,,
1fe7d142-7914-4e42-a989-78026cd91071,waterswm@gmail.com,en,English,en,English,FALSE,TRUE,TRUE,TRUE,04/04/2016,Dictionary; ContextWeb; ReversoWeb; Documents; GAS; ContextiOS; Vocabulary; Conjugator; SynonymsWeb; TranslatoriOS; ReversoWin; FirefoxExt; Unknown,10/09/2026,17/07/2026,USA,US,,,Foreign Language Teacher,FALSE,Reverso,waterswm,Dictionary,Windows 10,15/07/2027,,,
8a53c36d-a1cc-4987-a796-8a8e982a8f63,kat_koro@live.com,ru,Russian,fr,French,FALSE,TRUE,TRUE,TRUE,17/03/2016,Dictionary; ContextiOS; ContextWeb; ReversoWeb; Documents; ReversoMac; Conjugator; SynonymsWeb; GAS; FirefoxExt; Speller; ReversoWin; ChromeExt; Unknown,02/10/2026,12/04/2025,USA,US,,,Foreign Language Teacher,FALSE,Reverso; Google,katyenok,Dictionary,iOS,27/04/2564,,,
c4eb5138-53a9-4627-99fe-f73da9b359f8,b-007@hotmail.fr,fr,French,fr,French,FALSE,TRUE,TRUE,TRUE,09/03/2016,Dictionary; ContextiOS; ReversoWin; ReversoWeb; ContextWeb; GAS,01/10/2026,21/10/2018,France,FR,,,Foreign Language Teacher,FALSE,Reverso; Google,b007,Dictionary,iOS,15/11/2026,,,
97397629-ec92-4f01-ba75-77b679abd90e,johnistephen@icloud.com,en,English,en,English,FALSE,TRUE,TRUE,TRUE,26/09/2015,ContextiOS; ReversoMac; Documents; ContextWeb; ReversoWeb; GAS; Dictionary; Conjugator; Speller; Unknown,02/10/2026,16/10/2023,France,FR,1956,70,Foreign Language Teacher,TRUE,Reverso; Apple; Facebook,JohnStephen,ContextiOS,Mac OS X 10.15.7,06/10/2026,,27/12/2026,
5b8c9b75-1abc-4b12-910e-c6fda3412a47,lac.sergent@gmail.com,fr,French,fr,French,FALSE,TRUE,TRUE,TRUE,27/07/2015,Dictionary; ContextiOS; ReversoMac; ContextWeb; FirefoxExt; ReversoWeb; Documents; ChromeExt; GAS; Conjugator; Speller; SynonymsWeb; Unknown,30/09/2026,13/04/2026,Canada,CA,1955,71,Foreign Language Teacher,TRUE,Reverso; Google,denisepépin,Dictionary,iOS,11/10/2026,,13/04/2027,
acc6cda2-6b94-4796-b811-ed4d5f08a850,catgut2@yahoo.com,en,English,en,English,FALSE,TRUE,TRUE,TRUE,18/06/2015,Dictionary; ContextiOS; ReversoWeb; GAS; Documents; ContextWeb; SynonymsWeb; Unknown,26/09/2026,23/12/2024,USA,US,1966,60,Foreign Language Teacher,TRUE,Reverso; Facebook,cathynyc,Dictionary,iOS,25/07/2027,,26/12/2026,
450adee8-e3ca-42e3-bfa7-79b4bcb45891,emin3sku@gmail.com,en,English,en,English,FALSE,TRUE,TRUE,TRUE,05/03/2015,Dictionary; ContextiOS; Documents; ReversoWeb; ContextAndroid; ContextWeb; SynonymsWeb; GAS; Vocabulary; ChromeExt; Speller; ReversoWin; SynonymsAndroid; Conjugator; ReversoMac; TranslatoriOS; SynonymsiOS; Unknown,02/10/2026,13/08/2020,Austria,AT,1980,46,Foreign Language Teacher,FALSE,Facebook; Google,RustiAndrei,Dictionary,iOS,05/06/2027,06/06/2027,,
36f78795-5e2d-402c-9994-ca948460a02e,lzogbi@gmail.com,fr,French,fr,French,FALSE,TRUE,TRUE,TRUE,28/11/2014,ContextiOS; Documents; GAS; Speller; ReversoWeb; ContextWeb; Unknown,01/10/2026,22/09/2019,Brazil,BR,,,Foreign Language Teacher,FALSE,Reverso; Google,paulistana,Unknown,iOS,28/01/2027,,,
e8204a82-8c0e-4f24-82dd-504b9df35af6,jdupree1088@gmail.com,fr,French,en,English,FALSE,TRUE,TRUE,TRUE,21/03/2014,ContextAndroid; Unknown,14/09/2026,21/03/2014,USA,US,,,Foreign Language Teacher,TRUE,Reverso; Google,carpe_linguam,Unknown,Android 16,,10/11/2026,,
a0e1f5c3-9480-4f0a-a879-8c66e5ad31e1,claudio.carlone@gmail.com,fr,French,it,Italian,FALSE,TRUE,TRUE,TRUE,19/02/2014,ContextAndroid; ReversoWeb; ChromeExt; ReversoWin; Dictionary; Speller; ContextWeb; Conjugator; ReversoMac; GAS; Documents; SynonymsWeb; Unknown,02/10/2026,31/01/2026,France,FR,1952,74,Foreign Language Teacher,TRUE,Reverso; Google,claudiocarlone,Unknown,Android 16,,26/08/2024,31/01/2027,
098fd09a-2027-406a-9c57-834004dbf268,egadou@yahoo.fr,fr,French,en,English,FALSE,TRUE,TRUE,TRUE,14/12/2012,ContextiOS; ChromeExt; ContextWeb; Documents; ReversoWeb; Dictionary; GAS; ContextAndroid; ReversoMac; Unknown,01/10/2026,19/07/2023,France,FR,1980,46,Foreign Language Teacher,FALSE,Facebook,Eric_Gadou,Unknown,iOS,,07/01/2021,10/07/2027,
fc6fabf6-d8a1-4964-a4a9-841d5b2a567a,marinpaiz@yahoo.fr,fr,French,fr,French,FALSE,TRUE,TRUE,TRUE,06/05/2012,ReversoWin; ReversoWeb; GAS; Dictionary; Conjugator; Documents; ContextiOS; Vocabulary; ContextWeb; FirefoxExt; SynonymsWeb; Speller; Unknown,02/10/2026,05/04/2026,Spain,ES,1967,59,Foreign Language Teacher,TRUE,Reverso; Facebook,PepeM,Unknown,Windows 10,01/12/2026,,,
1d2c20ea-826e-42ce-b00f-481686d534a6,whatevers@brighton.gb.net,en,English,en,English,FALSE,TRUE,TRUE,TRUE,12/12/2009,ReversoWeb; ReversoWin; ContextAndroid; ContextWeb; Documents; SynonymsWeb; GAS; Conjugator; Dictionary; Unknown,01/10/2026,14/06/2022,UK,GB,1994,32,Foreign Language Teacher,TRUE,Reverso,whatevers,ReversoWeb,Windows 10,,21/10/2026,15/12/2024,